id_lugar,nombre,nombre_corto,id_lugar_tipo,tipo,id_lugar_sub_tipo,subtipo,id_titular,titular,fax,email,telefonos,calle,altura,bis,letra,piso,dpto,distrito,GEOJSON
1407,Club Alemán de Rosario,Club Alemán de Rosario,4,Recreación y Deportes,7,Clubes,4,Privado,,,Tel. 4218776,PARAGUAY,462,0,,,,Centro,"{ ""type"": ""Feature"", ""properties"": { ""id_lugar"": 1407, ""nombre"": ""Club Alemán de Rosario"", ""nombre_corto"": ""Club Alemán de Rosario"", ""id_lugar_tipo"": 4, ""tipo"": ""Recreación y Deportes"", ""id_lugar_sub_tipo"": 7, ""subtipo"": ""Clubes"", ""id_titular"": 4, ""titular"": ""Privado"", ""fax"": """", ""email"": """", ""telefonos"": ""Tel. 4218776"", ""calle"": ""PARAGUAY"", ""altura"": 462, ""bis"": 0, ""letra"": """", ""piso"": """", ""dpto"": """", ""distrito"": ""Centro"" }, ""geometry"": { ""type"": ""Point"", ""coordinates"": [ -60.642857, -32.941501 ] } }"
1408,Club Atalaya,Club Atalaya,4,Recreación y Deportes,7,Clubes,4,Privado,,,Tel. 4823463/4859674,ROSAS BRGD. JUAN MANUEL D,2555,0,,,,Centro,"{ ""type"": ""Feature"", ""properties"": { ""id_lugar"": 1408, ""nombre"": ""Club Atalaya"", ""nombre_corto"": ""Club Atalaya"", ""id_lugar_tipo"": 4, ""tipo"": ""Recreación y Deportes"", ""id_lugar_sub_tipo"": 7, ""subtipo"": ""Clubes"", ""id_titular"": 4, ""titular"": ""Privado"", ""fax"": """", ""email"": """", ""telefonos"": ""Tel. 4823463\/4859674"", ""calle"": ""ROSAS BRGD. JUAN MANUEL D"", ""altura"": 2555, ""bis"": 0, ""letra"": """", ""piso"": """", ""dpto"": """", ""distrito"": ""Centro"" }, ""geometry"": { ""type"": ""Point"", ""coordinates"": [ -60.636357, -32.968289 ] } }"
1409,Club Atlantic Sportmen,Club Atlantic Sportmen,4,Recreación y Deportes,7,Clubes,4,Privado,,,Tel. 4306761,LAVALLE GENERAL JUAN,936,0,,,,Centro,"{ ""type"": ""Feature"", ""properties"": { ""id_lugar"": 1409, ""nombre"": ""Club Atlantic Sportmen"", ""nombre_corto"": ""Club Atlantic Sportmen"", ""id_lugar_tipo"": 4, ""tipo"": ""Recreación y Deportes"", ""id_lugar_sub_tipo"": 7, ""subtipo"": ""Clubes"", ""id_titular"": 4, ""titular"": ""Privado"", ""fax"": """", ""email"": """", ""telefonos"": ""Tel. 4306761"", ""calle"": ""LAVALLE GENERAL JUAN"", ""altura"": 936, ""bis"": 0, ""letra"": """", ""piso"": """", ""dpto"": """", ""distrito"": ""Centro"" }, ""geometry"": { ""type"": ""Point"", ""coordinates"": [ -60.678298, -32.940966 ] } }"
1410,Club Atlético Argentino de Rosario,Club Atlético Argentino de Ros,4,Recreación y Deportes,7,Clubes,4,Privado,,contacto@clubargentino.com.ar,Tel. 4558120,MERCANTE VICTOR,750,0,,,,Norte,"{ ""type"": ""Feature"", ""properties"": { ""id_lugar"": 1410, ""nombre"": ""Club Atlético Argentino de Rosario"", ""nombre_corto"": ""Club Atlético Argentino de Ros"", ""id_lugar_tipo"": 4, ""tipo"": ""Recreación y Deportes"", ""id_lugar_sub_tipo"": 7, ""subtipo"": ""Clubes"", ""id_titular"": 4, ""titular"": ""Privado"", ""fax"": """", ""email"": ""contacto@clubargentino.com.ar"", ""telefonos"": ""Tel. 4558120"", ""calle"": ""MERCANTE VICTOR"", ""altura"": 750, ""bis"": 0, ""letra"": """", ""piso"": """", ""dpto"": """", ""distrito"": ""Norte"" }, ""geometry"": { ""type"": ""Point"", ""coordinates"": [ -60.684356, -32.907287 ] } }"
1411,Club Atlético Defensores de Peñarol,Club Atlético Defensores de Pe,4,Recreación y Deportes,7,Clubes,4,Privado,,,,LAGOS OVIDIO,6437,0,,,,Sudoeste,"{ ""type"": ""Feature"", ""properties"": { ""id_lugar"": 1411, ""nombre"": ""Club Atlético Defensores de Peñarol"", ""nombre_corto"": ""Club Atlético Defensores de Pe"", ""id_lugar_tipo"": 4, ""tipo"": ""Recreación y Deportes"", ""id_lugar_sub_tipo"": 7, ""subtipo"": ""Clubes"", ""id_titular"": 4, ""titular"": ""Privado"", ""fax"": """", ""email"": """", ""telefonos"": """", ""calle"": ""LAGOS OVIDIO"", ""altura"": 6437, ""bis"": 0, ""letra"": """", ""piso"": """", ""dpto"": """", ""distrito"": ""Sudoeste"" }, ""geometry"": { ""type"": ""Point"", ""coordinates"": [ -60.677985, -33.012962 ] } }"
1412,Club Atlético del Rosario,Club Atlético del Rosario,4,Recreación y Deportes,7,Clubes,4,Privado,,,Tel. 4392030,GOULD BENJAMIN,861,0,,,,Centro,"{ ""type"": ""Feature"", ""properties"": { ""id_lugar"": 1412, ""nombre"": ""Club Atlético del Rosario"", ""nombre_corto"": ""Club Atlético del Rosario"", ""id_lugar_tipo"": 4, ""tipo"": ""Recreación y Deportes"", ""id_lugar_sub_tipo"": 7, ""subtipo"": ""Clubes"", ""id_titular"": 4, ""titular"": ""Privado"", ""fax"": """", ""email"": """", ""telefonos"": ""Tel. 4392030"", ""calle"": ""GOULD BENJAMIN"", ""altura"": 861, ""bis"": 0, ""letra"": """", ""piso"": """", ""dpto"": """", ""distrito"": ""Centro"" }, ""geometry"": { ""type"": ""Point"", ""coordinates"": [ -60.670113, -32.941431 ] } }"
1413,Club Atlético Onkel,Club Atlético Onkel,4,Recreación y Deportes,7,Clubes,4,Privado,,,,LAGOS OVIDIO,5771,0,,,,Sudoeste,"{ ""type"": ""Feature"", ""properties"": { ""id_lugar"": 1413, ""nombre"": ""Club Atlético Onkel"", ""nombre_corto"": ""Club Atlético Onkel"", ""id_lugar_tipo"": 4, ""tipo"": ""Recreación y Deportes"", ""id_lugar_sub_tipo"": 7, ""subtipo"": ""Clubes"", ""id_titular"": 4, ""titular"": ""Privado"", ""fax"": """", ""email"": """", ""telefonos"": """", ""calle"": ""LAGOS OVIDIO"", ""altura"": 5771, ""bis"": 0, ""letra"": """", ""piso"": """", ""dpto"": """", ""distrito"": ""Sudoeste"" }, ""geometry"": { ""type"": ""Point"", ""coordinates"": [ -60.676081, -33.004580 ] } }"
1414,Club Atlético Unión Argentina,Club Atlético Unión Argentina,4,Recreación y Deportes,7,Clubes,4,Privado,,,,SAN JUAN,4347,0,,,,Centro,"{ ""type"": ""Feature"", ""properties"": { ""id_lugar"": 1414, ""nombre"": ""Club Atlético Unión Argentina"", ""nombre_corto"": ""Club Atlético Unión Argentina"", ""id_lugar_tipo"": 4, ""tipo"": ""Recreación y Deportes"", ""id_lugar_sub_tipo"": 7, ""subtipo"": ""Clubes"", ""id_titular"": 4, ""titular"": ""Privado"", ""fax"": """", ""email"": """", ""telefonos"": """", ""calle"": ""SAN JUAN"", ""altura"": 4347, ""bis"": 0, ""letra"": """", ""piso"": """", ""dpto"": """", ""distrito"": ""Centro"" }, ""geometry"": { ""type"": ""Point"", ""coordinates"": [ -60.683472, -32.942296 ] } }"
1415,Club Juventud de Clear,Club Juventud de Clear,4,Recreación y Deportes,7,Clubes,4,Privado,,,Tel. 4610140,LITUANIA,5337,0,,,,Sur,"{ ""type"": ""Feature"", ""properties"": { ""id_lugar"": 1415, ""nombre"": ""Club Juventud de Clear"", ""nombre_corto"": ""Club Juventud de Clear"", ""id_lugar_tipo"": 4, ""tipo"": ""Recreación y Deportes"", ""id_lugar_sub_tipo"": 7, ""subtipo"": ""Clubes"", ""id_titular"": 4, ""titular"": ""Privado"", ""fax"": """", ""email"": """", ""telefonos"": ""Tel. 4610140"", ""calle"": ""LITUANIA"", ""altura"": 5337, ""bis"": 0, ""letra"": """", ""piso"": """", ""dpto"": """", ""distrito"": ""Sur"" }, ""geometry"": { ""type"": ""Point"", ""coordinates"": [ -60.620499, -32.998723 ] } }"
1416,Club Bancario,Club Bancario,4,Recreación y Deportes,7,Clubes,4,Privado,,,Tel. 4547775 - 4552122,COLOMBRES JOSE E,1610,0,,,,Noroeste,"{ ""type"": ""Feature"", ""properties"": { ""id_lugar"": 1416, ""nombre"": ""Club Bancario"", ""nombre_corto"": ""Club Bancario"", ""id_lugar_tipo"": 4, ""tipo"": ""Recreación y Deportes"", ""id_lugar_sub_tipo"": 7, ""subtipo"": ""Clubes"", ""id_titular"": 4, ""titular"": ""Privado"", ""fax"": """", ""email"": """", ""telefonos"": ""Tel. 4547775 - 4552122"", ""calle"": ""COLOMBRES JOSE E"", ""altura"": 1610, ""bis"": 0, ""letra"": """", ""piso"": """", ""dpto"": """", ""distrito"": ""Noroeste"" }, ""geometry"": { ""type"": ""Point"", ""coordinates"": [ -60.729213, -32.947710 ] } }"
1417,Club Atlético Banco Nación,Club Atlético Banco Nación,4,Recreación y Deportes,7,Clubes,4,Privado,,,Tel. 4544954/4552180,RONDEAU GRAL. JOSE,2932,0,,,,Norte,"{ ""type"": ""Feature"", ""properties"": { ""id_lugar"": 1417, ""nombre"": ""Club Atlético Banco Nación"", ""nombre_corto"": ""Club Atlético Banco Nación"", ""id_lugar_tipo"": 4, ""tipo"": ""Recreación y Deportes"", ""id_lugar_sub_tipo"": 7, ""subtipo"": ""Clubes"", ""id_titular"": 4, ""titular"": ""Privado"", ""fax"": """", ""email"": """", ""telefonos"": ""Tel. 4544954\/4552180"", ""calle"": ""RONDEAU GRAL. JOSE"", ""altura"": 2932, ""bis"": 0, ""letra"": """", ""piso"": """", ""dpto"": """", ""distrito"": ""Norte"" }, ""geometry"": { ""type"": ""Point"", ""coordinates"": [ -60.694516, -32.886613 ] } }"
1418,Club Atlético Ben Hur,Club Ben Hur,4,Recreación y Deportes,7,Clubes,4,Privado,,,Tel. 4811582,ITUZAINGO,1578,0,,,,Centro,"{ ""type"": ""Feature"", ""properties"": { ""id_lugar"": 1418, ""nombre"": ""Club Atlético Ben Hur"", ""nombre_corto"": ""Club Ben Hur"", ""id_lugar_tipo"": 4, ""tipo"": ""Recreación y Deportes"", ""id_lugar_sub_tipo"": 7, ""subtipo"": ""Clubes"", ""id_titular"": 4, ""titular"": ""Privado"", ""fax"": """", ""email"": """", ""telefonos"": ""Tel. 4811582"", ""calle"": ""ITUZAINGO"", ""altura"": 1578, ""bis"": 0, ""letra"": """", ""piso"": """", ""dpto"": """", ""distrito"": ""Centro"" }, ""geometry"": { ""type"": ""Point"", ""coordinates"": [ -60.648409, -32.959437 ] } }"
1419,Club Berkel,Club Berkel,4,Recreación y Deportes,7,Clubes,4,Privado,,,,GABOTO SEBASTIAN,136,0,,,,Sur,"{ ""type"": ""Feature"", ""properties"": { ""id_lugar"": 1419, ""nombre"": ""Club Berkel"", ""nombre_corto"": ""Club Berkel"", ""id_lugar_tipo"": 4, ""tipo"": ""Recreación y Deportes"", ""id_lugar_sub_tipo"": 7, ""subtipo"": ""Clubes"", ""id_titular"": 4, ""titular"": ""Privado"", ""fax"": """", ""email"": """", ""telefonos"": """", ""calle"": ""GABOTO SEBASTIAN"", ""altura"": 136, ""bis"": 0, ""letra"": """", ""piso"": """", ""dpto"": """", ""distrito"": ""Sur"" }, ""geometry"": { ""type"": ""Point"", ""coordinates"": [ -60.631403, -32.975661 ] } }"
1420,Club Biblioteca Arizona,Club Biblioteca Arizona,4,Recreación y Deportes,7,Clubes,4,Privado,,,Tel. 4859007,CHACABUCO,2213,0,,,,Centro,"{ ""type"": ""Feature"", ""properties"": { ""id_lugar"": 1420, ""nombre"": ""Club Biblioteca Arizona"", ""nombre_corto"": ""Club Biblioteca Arizona"", ""id_lugar_tipo"": 4, ""tipo"": ""Recreación y Deportes"", ""id_lugar_sub_tipo"": 7, ""subtipo"": ""Clubes"", ""id_titular"": 4, ""titular"": ""Privado"", ""fax"": """", ""email"": """", ""telefonos"": ""Tel. 4859007"", ""calle"": ""CHACABUCO"", ""altura"": 2213, ""bis"": 0, ""letra"": """", ""piso"": """", ""dpto"": """", ""distrito"": ""Centro"" }, ""geometry"": { ""type"": ""Point"", ""coordinates"": [ -60.626902, -32.965917 ] } }"
1421,Club Biblioteca Rosario Oeste,Club Biblioteca Rosario Oeste,4,Recreación y Deportes,7,Clubes,4,Privado,,,,CHUBUT,5855,0,,,,Noroeste,"{ ""type"": ""Feature"", ""properties"": { ""id_lugar"": 1421, ""nombre"": ""Club Biblioteca Rosario Oeste"", ""nombre_corto"": ""Club Biblioteca Rosario Oeste"", ""id_lugar_tipo"": 4, ""tipo"": ""Recreación y Deportes"", ""id_lugar_sub_tipo"": 7, ""subtipo"": ""Clubes"", ""id_titular"": 4, ""titular"": ""Privado"", ""fax"": """", ""email"": """", ""telefonos"": """", ""calle"": ""CHUBUT"", ""altura"": 5855, ""bis"": 0, ""letra"": """", ""piso"": """", ""dpto"": """", ""distrito"": ""Noroeste"" }, ""geometry"": { ""type"": ""Point"", ""coordinates"": [ -60.702637, -32.945474 ] } }"
1422,Club Bocha Hilarión,Club Bocha Hilarión,4,Recreación y Deportes,7,Clubes,4,Privado,,,,FUNES DEAN GREGORIO,1350,0,,,,Sur,"{ ""type"": ""Feature"", ""properties"": { ""id_lugar"": 1422, ""nombre"": ""Club Bocha Hilarión"", ""nombre_corto"": ""Club Bocha Hilarión"", ""id_lugar_tipo"": 4, ""tipo"": ""Recreación y Deportes"", ""id_lugar_sub_tipo"": 7, ""subtipo"": ""Clubes"", ""id_titular"": 4, ""titular"": ""Privado"", ""fax"": """", ""email"": """", ""telefonos"": """", ""calle"": ""FUNES DEAN GREGORIO"", ""altura"": 1350, ""bis"": 0, ""letra"": """", ""piso"": """", ""dpto"": """", ""distrito"": ""Sur"" }, ""geometry"": { ""type"": ""Point"", ""coordinates"": [ -60.648985, -32.974916 ] } }"
1423,Club Bochin La Palmera,Club Bochin La Palmera,4,Recreación y Deportes,7,Clubes,4,Privado,,,,BIEDMA CRNEL. MANUEL,3251,0,,,,Sudoeste,"{ ""type"": ""Feature"", ""properties"": { ""id_lugar"": 1423, ""nombre"": ""Club Bochin La Palmera"", ""nombre_corto"": ""Club Bochin La Palmera"", ""id_lugar_tipo"": 4, ""tipo"": ""Recreación y Deportes"", ""id_lugar_sub_tipo"": 7, ""subtipo"": ""Clubes"", ""id_titular"": 4, ""titular"": ""Privado"", ""fax"": """", ""email"": """", ""telefonos"": """", ""calle"": ""BIEDMA CRNEL. MANUEL"", ""altura"": 3251, ""bis"": 0, ""letra"": """", ""piso"": """", ""dpto"": """", ""distrito"": ""Sudoeste"" }, ""geometry"": { ""type"": ""Point"", ""coordinates"": [ -60.676405, -32.976194 ] } }"
1424,Club Buen Orden,Club Buen Orden,4,Recreación y Deportes,7,Clubes,4,Privado,,,,ESPAÑA,2127,0,,,,Centro,"{ ""type"": ""Feature"", ""properties"": { ""id_lugar"": 1424, ""nombre"": ""Club Buen Orden"", ""nombre_corto"": ""Club Buen Orden"", ""id_lugar_tipo"": 4, ""tipo"": ""Recreación y Deportes"", ""id_lugar_sub_tipo"": 7, ""subtipo"": ""Clubes"", ""id_titular"": 4, ""titular"": ""Privado"", ""fax"": """", ""email"": """", ""telefonos"": """", ""calle"": ""ESPAÑA"", ""altura"": 2127, ""bis"": 0, ""letra"": """", ""piso"": """", ""dpto"": """", ""distrito"": ""Centro"" }, ""geometry"": { ""type"": ""Point"", ""coordinates"": [ -60.650370, -32.960694 ] } }"
1425,Club Atlético Central Córdoba,Club Atlético Central Córdoba,4,Recreación y Deportes,7,Clubes,4,Privado,,,Tel. 4860937,SAN MARTIN GRAL. JOSE,3250,0,,,,Sur,"{ ""type"": ""Feature"", ""properties"": { ""id_lugar"": 1425, ""nombre"": ""Club Atlético Central Córdoba"", ""nombre_corto"": ""Club Atlético Central Córdoba"", ""id_lugar_tipo"": 4, ""tipo"": ""Recreación y Deportes"", ""id_lugar_sub_tipo"": 7, ""subtipo"": ""Clubes"", ""id_titular"": 4, ""titular"": ""Privado"", ""fax"": """", ""email"": """", ""telefonos"": ""Tel. 4860937"", ""calle"": ""SAN MARTIN GRAL. JOSE"", ""altura"": 3250, ""bis"": 0, ""letra"": """", ""piso"": """", ""dpto"": """", ""distrito"": ""Sur"" }, ""geometry"": { ""type"": ""Point"", ""coordinates"": [ -60.644039, -32.975295 ] } }"
1426,Club Centro Asturiano de Rosario,Club Centro Asturiano,4,Recreación y Deportes,7,Clubes,4,Privado,,,Tel. 4566143,WILDE DR. EDUARDO,560,0,,,,Noroeste,"{ ""type"": ""Feature"", ""properties"": { ""id_lugar"": 1426, ""nombre"": ""Club Centro Asturiano de Rosario"", ""nombre_corto"": ""Club Centro Asturiano"", ""id_lugar_tipo"": 4, ""tipo"": ""Recreación y Deportes"", ""id_lugar_sub_tipo"": 7, ""subtipo"": ""Clubes"", ""id_titular"": 4, ""titular"": ""Privado"", ""fax"": """", ""email"": """", ""telefonos"": ""Tel. 4566143"", ""calle"": ""WILDE DR. EDUARDO"", ""altura"": 560, ""bis"": 0, ""letra"": """", ""piso"": """", ""dpto"": """", ""distrito"": ""Noroeste"" }, ""geometry"": { ""type"": ""Point"", ""coordinates"": [ -60.738906, -32.935321 ] } }"
1427,Club Ciclón BBC,Club Ciclón BBC,4,Recreación y Deportes,7,Clubes,4,Privado,,,,SAAVEDRA CORNELIO,642,0,,,,Sur,"{ ""type"": ""Feature"", ""properties"": { ""id_lugar"": 1427, ""nombre"": ""Club Ciclón BBC"", ""nombre_corto"": ""Club Ciclón BBC"", ""id_lugar_tipo"": 4, ""tipo"": ""Recreación y Deportes"", ""id_lugar_sub_tipo"": 7, ""subtipo"": ""Clubes"", ""id_titular"": 4, ""titular"": ""Privado"", ""fax"": """", ""email"": """", ""telefonos"": """", ""calle"": ""SAAVEDRA CORNELIO"", ""altura"": 642, ""bis"": 0, ""letra"": """", ""piso"": """", ""dpto"": """", ""distrito"": ""Sur"" }, ""geometry"": { ""type"": ""Point"", ""coordinates"": [ -60.639796, -32.978955 ] } }"
1428,Club de Paracaidismo de Rosario,Club de Paracaidismo de Rosari,4,Recreación y Deportes,7,Clubes,4,Privado,,info@paracaidismorosario.com.ar <info@paracaidismorosario.com.ar,Cel. 0341 156-417799,IRIONDO GOBERNADOR SIMON,1729,0,,11° Piso,,Oeste,"{ ""type"": ""Feature"", ""properties"": { ""id_lugar"": 1428, ""nombre"": ""Club de Paracaidismo de Rosario"", ""nombre_corto"": ""Club de Paracaidismo de Rosari"", ""id_lugar_tipo"": 4, ""tipo"": ""Recreación y Deportes"", ""id_lugar_sub_tipo"": 7, ""subtipo"": ""Clubes"", ""id_titular"": 4, ""titular"": ""Privado"", ""fax"": """", ""email"": ""info@paracaidismorosario.com.ar <info@paracaidismorosario.com.ar"", ""telefonos"": ""Cel. 0341 156-417799"", ""calle"": ""IRIONDO GOBERNADOR SIMON"", ""altura"": 1729, ""bis"": 0, ""letra"": """", ""piso"": ""11° Piso"", ""dpto"": """", ""distrito"": ""Oeste"" }, ""geometry"": { ""type"": ""Point"", ""coordinates"": [ -60.672351, -32.952073 ] } }"
1429,Club Social y Deportivo de Nuevo Alberdi,Club de Nuevo Alberdi,4,Recreación y Deportes,7,Clubes,4,Privado,,,,BOUCHARD HIPOLITO,2782,0,,,,Norte,"{ ""type"": ""Feature"", ""properties"": { ""id_lugar"": 1429, ""nombre"": ""Club Social y Deportivo de Nuevo Alberdi"", ""nombre_corto"": ""Club de Nuevo Alberdi"", ""id_lugar_tipo"": 4, ""tipo"": ""Recreación y Deportes"", ""id_lugar_sub_tipo"": 7, ""subtipo"": ""Clubes"", ""id_titular"": 4, ""titular"": ""Privado"", ""fax"": """", ""email"": """", ""telefonos"": """", ""calle"": ""BOUCHARD HIPOLITO"", ""altura"": 2782, ""bis"": 0, ""letra"": """", ""piso"": """", ""dpto"": """", ""distrito"": ""Norte"" }, ""geometry"": { ""type"": ""Point"", ""coordinates"": [ -60.721987, -32.889947 ] } }"
1430,Duendes Rugby Club,Duendes Rugby Club,4,Recreación y Deportes,7,Clubes,4,Privado,,,Tel. 4641135,BATLLE Y ORDOÑEZ JOSE,3680,0,,,,Sudoeste,"{ ""type"": ""Feature"", ""properties"": { ""id_lugar"": 1430, ""nombre"": ""Duendes Rugby Club"", ""nombre_corto"": ""Duendes Rugby Club"", ""id_lugar_tipo"": 4, ""tipo"": ""Recreación y Deportes"", ""id_lugar_sub_tipo"": 7, ""subtipo"": ""Clubes"", ""id_titular"": 4, ""titular"": ""Privado"", ""fax"": """", ""email"": """", ""telefonos"": ""Tel. 4641135"", ""calle"": ""BATLLE Y ORDOÑEZ JOSE"", ""altura"": 3680, ""bis"": 0, ""letra"": """", ""piso"": """", ""dpto"": """", ""distrito"": ""Sudoeste"" }, ""geometry"": { ""type"": ""Point"", ""coordinates"": [ -60.686725, -33.009887 ] } }"
1431,Club Echesortu,Club Echesortu,4,Recreación y Deportes,7,Clubes,4,Privado,,,,SAN NICOLAS,1350,0,,,,Centro,"{ ""type"": ""Feature"", ""properties"": { ""id_lugar"": 1431, ""nombre"": ""Club Echesortu"", ""nombre_corto"": ""Club Echesortu"", ""id_lugar_tipo"": 4, ""tipo"": ""Recreación y Deportes"", ""id_lugar_sub_tipo"": 7, ""subtipo"": ""Clubes"", ""id_titular"": 4, ""titular"": ""Privado"", ""fax"": """", ""email"": """", ""telefonos"": """", ""calle"": ""SAN NICOLAS"", ""altura"": 1350, ""bis"": 0, ""letra"": """", ""piso"": """", ""dpto"": """", ""distrito"": ""Centro"" }, ""geometry"": { ""type"": ""Point"", ""coordinates"": [ -60.674172, -32.947163 ] } }"
1432,Club Social y Deportivo Edison,Club Social y Deportivo Edison,4,Recreación y Deportes,7,Clubes,4,Privado,,,Tel. 4374445,IGUAZU,350,1,,,,Norte,"{ ""type"": ""Feature"", ""properties"": { ""id_lugar"": 1432, ""nombre"": ""Club Social y Deportivo Edison"", ""nombre_corto"": ""Club Social y Deportivo Edison"", ""id_lugar_tipo"": 4, ""tipo"": ""Recreación y Deportes"", ""id_lugar_sub_tipo"": 7, ""subtipo"": ""Clubes"", ""id_titular"": 4, ""titular"": ""Privado"", ""fax"": """", ""email"": """", ""telefonos"": ""Tel. 4374445"", ""calle"": ""IGUAZU"", ""altura"": 350, ""bis"": 1, ""letra"": """", ""piso"": """", ""dpto"": """", ""distrito"": ""Norte"" }, ""geometry"": { ""type"": ""Point"", ""coordinates"": [ -60.686356, -32.924352 ] } }"
1433,Club El Eslabón,Club El Eslabón,4,Recreación y Deportes,7,Clubes,4,Privado,,,Tel. 4824263,SARMIENTO DOMINGO FAUSTIN,2041,0,,,,Centro,"{ ""type"": ""Feature"", ""properties"": { ""id_lugar"": 1433, ""nombre"": ""Club El Eslabón"", ""nombre_corto"": ""Club El Eslabón"", ""id_lugar_tipo"": 4, ""tipo"": ""Recreación y Deportes"", ""id_lugar_sub_tipo"": 7, ""subtipo"": ""Clubes"", ""id_titular"": 4, ""titular"": ""Privado"", ""fax"": """", ""email"": """", ""telefonos"": ""Tel. 4824263"", ""calle"": ""SARMIENTO DOMINGO FAUSTIN"", ""altura"": 2041, ""bis"": 0, ""letra"": """", ""piso"": """", ""dpto"": """", ""distrito"": ""Centro"" }, ""geometry"": { ""type"": ""Point"", ""coordinates"": [ -60.641760, -32.961209 ] } }"
1434,Club El Luchador,Club El Luchador,4,Recreación y Deportes,7,Clubes,4,Privado,,,Tel. 4395805,LIMA,1350,0,,,,Centro,"{ ""type"": ""Feature"", ""properties"": { ""id_lugar"": 1434, ""nombre"": ""Club El Luchador"", ""nombre_corto"": ""Club El Luchador"", ""id_lugar_tipo"": 4, ""tipo"": ""Recreación y Deportes"", ""id_lugar_sub_tipo"": 7, ""subtipo"": ""Clubes"", ""id_titular"": 4, ""titular"": ""Privado"", ""fax"": """", ""email"": """", ""telefonos"": ""Tel. 4395805"", ""calle"": ""LIMA"", ""altura"": 1350, ""bis"": 0, ""letra"": """", ""piso"": """", ""dpto"": """", ""distrito"": ""Centro"" }, ""geometry"": { ""type"": ""Point"", ""coordinates"": [ -60.685055, -32.945211 ] } }"
1435,El Tala Club,El Tala Club,4,Recreación y Deportes,7,Clubes,4,Privado,,,Tel. 4855444,COCHABAMBA,570,0,,,,Centro,"{ ""type"": ""Feature"", ""properties"": { ""id_lugar"": 1435, ""nombre"": ""El Tala Club"", ""nombre_corto"": ""El Tala Club"", ""id_lugar_tipo"": 4, ""tipo"": ""Recreación y Deportes"", ""id_lugar_sub_tipo"": 7, ""subtipo"": ""Clubes"", ""id_titular"": 4, ""titular"": ""Privado"", ""fax"": """", ""email"": """", ""telefonos"": ""Tel. 4855444"", ""calle"": ""COCHABAMBA"", ""altura"": 570, ""bis"": 0, ""letra"": """", ""piso"": """", ""dpto"": """", ""distrito"": ""Centro"" }, ""geometry"": { ""type"": ""Point"", ""coordinates"": [ -60.633818, -32.959651 ] } }"
1436,Club El Torito,Club El Torito,4,Recreación y Deportes,7,Clubes,4,Privado,,clubeltorito@hotmail.com,Tel. Tel. 4533552,GRANADEROS CAMINO DE LOS,2351,0,,,,Norte,"{ ""type"": ""Feature"", ""properties"": { ""id_lugar"": 1436, ""nombre"": ""Club El Torito"", ""nombre_corto"": ""Club El Torito"", ""id_lugar_tipo"": 4, ""tipo"": ""Recreación y Deportes"", ""id_lugar_sub_tipo"": 7, ""subtipo"": ""Clubes"", ""id_titular"": 4, ""titular"": ""Privado"", ""fax"": """", ""email"": ""clubeltorito@hotmail.com"", ""telefonos"": ""Tel. Tel. 4533552"", ""calle"": ""GRANADEROS CAMINO DE LOS"", ""altura"": 2351, ""bis"": 0, ""letra"": """", ""piso"": """", ""dpto"": """", ""distrito"": ""Norte"" }, ""geometry"": { ""type"": ""Point"", ""coordinates"": [ -60.705664, -32.893422 ] } }"
1437,Club El Uruguayo,Club El Uruguayo,4,Recreación y Deportes,7,Clubes,4,Privado,,,,PAZ MARCOS,4778,0,,,,Centro,"{ ""type"": ""Feature"", ""properties"": { ""id_lugar"": 1437, ""nombre"": ""Club El Uruguayo"", ""nombre_corto"": ""Club El Uruguayo"", ""id_lugar_tipo"": 4, ""tipo"": ""Recreación y Deportes"", ""id_lugar_sub_tipo"": 7, ""subtipo"": ""Clubes"", ""id_titular"": 4, ""titular"": ""Privado"", ""fax"": """", ""email"": """", ""telefonos"": """", ""calle"": ""PAZ MARCOS"", ""altura"": 4778, ""bis"": 0, ""letra"": """", ""piso"": """", ""dpto"": """", ""distrito"": ""Centro"" }, ""geometry"": { ""type"": ""Point"", ""coordinates"": [ -60.689471, -32.941762 ] } }"
1438,Club Español,Club Español,4,Recreación y Deportes,7,Clubes,4,Privado,,clubespanolrosario@arnet.com.ar,Tel. 4489889,RIOJA,1050,0,,,,Centro,"{ ""type"": ""Feature"", ""properties"": { ""id_lugar"": 1438, ""nombre"": ""Club Español"", ""nombre_corto"": ""Club Español"", ""id_lugar_tipo"": 4, ""tipo"": ""Recreación y Deportes"", ""id_lugar_sub_tipo"": 7, ""subtipo"": ""Clubes"", ""id_titular"": 4, ""titular"": ""Privado"", ""fax"": """", ""email"": ""clubespanolrosario@arnet.com.ar"", ""telefonos"": ""Tel. 4489889"", ""calle"": ""RIOJA"", ""altura"": 1050, ""bis"": 0, ""letra"": """", ""piso"": """", ""dpto"": """", ""distrito"": ""Centro"" }, ""geometry"": { ""type"": ""Point"", ""coordinates"": [ -60.637730, -32.947720 ] } }"
1439,Club Estrella Federal,Club Estrella Federal,4,Recreación y Deportes,7,Clubes,4,Privado,,,,CORRALITO,5845,0,,,,Sudoeste,"{ ""type"": ""Feature"", ""properties"": { ""id_lugar"": 1439, ""nombre"": ""Club Estrella Federal"", ""nombre_corto"": ""Club Estrella Federal"", ""id_lugar_tipo"": 4, ""tipo"": ""Recreación y Deportes"", ""id_lugar_sub_tipo"": 7, ""subtipo"": ""Clubes"", ""id_titular"": 4, ""titular"": ""Privado"", ""fax"": """", ""email"": """", ""telefonos"": """", ""calle"": ""CORRALITO"", ""altura"": 5845, ""bis"": 0, ""letra"": """", ""piso"": """", ""dpto"": """", ""distrito"": ""Sudoeste"" }, ""geometry"": { ""type"": ""Point"", ""coordinates"": [ -60.672241, -33.005163 ] } }"
1440,"Club Fábrica Militar de Armas ""Domingo Matheu""",Club Fábrica Militar,4,Recreación y Deportes,7,Clubes,4,Privado,,,,LAGOS OVIDIO,5250,0,,,,Sudoeste,"{ ""type"": ""Feature"", ""properties"": { ""id_lugar"": 1440, ""nombre"": ""Club Fábrica Militar de Armas \""Domingo Matheu\"""", ""nombre_corto"": ""Club Fábrica Militar"", ""id_lugar_tipo"": 4, ""tipo"": ""Recreación y Deportes"", ""id_lugar_sub_tipo"": 7, ""subtipo"": ""Clubes"", ""id_titular"": 4, ""titular"": ""Privado"", ""fax"": """", ""email"": """", ""telefonos"": """", ""calle"": ""LAGOS OVIDIO"", ""altura"": 5250, ""bis"": 0, ""letra"": """", ""piso"": """", ""dpto"": """", ""distrito"": ""Sudoeste"" }, ""geometry"": { ""type"": ""Point"", ""coordinates"": [ -60.675373, -32.999015 ] } }"
1441,Club Atlético Fisherton,Club Atlético Fisherton,4,Recreación y Deportes,7,Clubes,4,Privado,,,4514948/4512144,CHASSAING JUAN,7750,0,,,,Noroeste,"{ ""type"": ""Feature"", ""properties"": { ""id_lugar"": 1441, ""nombre"": ""Club Atlético Fisherton"", ""nombre_corto"": ""Club Atlético Fisherton"", ""id_lugar_tipo"": 4, ""tipo"": ""Recreación y Deportes"", ""id_lugar_sub_tipo"": 7, ""subtipo"": ""Clubes"", ""id_titular"": 4, ""titular"": ""Privado"", ""fax"": """", ""email"": """", ""telefonos"": ""4514948\/4512144"", ""calle"": ""CHASSAING JUAN"", ""altura"": 7750, ""bis"": 0, ""letra"": """", ""piso"": """", ""dpto"": """", ""distrito"": ""Noroeste"" }, ""geometry"": { ""type"": ""Point"", ""coordinates"": [ -60.728737, -32.928572 ] } }"
1442,Club Fortín Falucho,Club Fortín Falucho,4,Recreación y Deportes,7,Clubes,4,Privado,,,,VEINTISIETE DE FEBRERO,6040,0,,,,Oeste,"{ ""type"": ""Feature"", ""properties"": { ""id_lugar"": 1442, ""nombre"": ""Club Fortín Falucho"", ""nombre_corto"": ""Club Fortín Falucho"", ""id_lugar_tipo"": 4, ""tipo"": ""Recreación y Deportes"", ""id_lugar_sub_tipo"": 7, ""subtipo"": ""Clubes"", ""id_titular"": 4, ""titular"": ""Privado"", ""fax"": """", ""email"": """", ""telefonos"": """", ""calle"": ""VEINTISIETE DE FEBRERO"", ""altura"": 6040, ""bis"": 0, ""letra"": """", ""piso"": """", ""dpto"": """", ""distrito"": ""Oeste"" }, ""geometry"": { ""type"": ""Point"", ""coordinates"": [ -60.704227, -32.958973 ] } }"
1443,Club Gimnasia y Esgrima de Rosario,Club Gimnasia y Esgrima de Ros,4,Recreación y Deportes,7,Clubes,4,Privado,,,Tel. 4408322 / 4408050 /7322 /8241,LAPRIDA FRANCISCO NARCISO,951,0,,,,Centro,"{ ""type"": ""Feature"", ""properties"": { ""id_lugar"": 1443, ""nombre"": ""Club Gimnasia y Esgrima de Rosario"", ""nombre_corto"": ""Club Gimnasia y Esgrima de Ros"", ""id_lugar_tipo"": 4, ""tipo"": ""Recreación y Deportes"", ""id_lugar_sub_tipo"": 7, ""subtipo"": ""Clubes"", ""id_titular"": 4, ""titular"": ""Privado"", ""fax"": """", ""email"": """", ""telefonos"": ""Tel. 4408322 \/ 4408050 \/7322 \/8241"", ""calle"": ""LAPRIDA FRANCISCO NARCISO"", ""altura"": 951, ""bis"": 0, ""letra"": """", ""piso"": """", ""dpto"": """", ""distrito"": ""Centro"" }, ""geometry"": { ""type"": ""Point"", ""coordinates"": [ -60.634329, -32.949193 ] } }"
1444,Club Hípico Gral. San Martín,Club Hípico Gral. San Martín,4,Recreación y Deportes,7,Clubes,4,Privado,,,Tel. 4515491,PASO JUAN JOSE,7770,0,,,,Noroeste,"{ ""type"": ""Feature"", ""properties"": { ""id_lugar"": 1444, ""nombre"": ""Club Hípico Gral. San Martín"", ""nombre_corto"": ""Club Hípico Gral. San Martín"", ""id_lugar_tipo"": 4, ""tipo"": ""Recreación y Deportes"", ""id_lugar_sub_tipo"": 7, ""subtipo"": ""Clubes"", ""id_titular"": 4, ""titular"": ""Privado"", ""fax"": """", ""email"": """", ""telefonos"": ""Tel. 4515491"", ""calle"": ""PASO JUAN JOSE"", ""altura"": 7770, ""bis"": 0, ""letra"": """", ""piso"": """", ""dpto"": """", ""distrito"": ""Noroeste"" }, ""geometry"": { ""type"": ""Point"", ""coordinates"": [ -60.729413, -32.920601 ] } }"
1445,Club Horizonte,Club Horizonte,4,Recreación y Deportes,7,Clubes,4,Privado,,,Tel. 4308295,SUIPACHA,1363,0,,,,Centro,"{ ""type"": ""Feature"", ""properties"": { ""id_lugar"": 1445, ""nombre"": ""Club Horizonte"", ""nombre_corto"": ""Club Horizonte"", ""id_lugar_tipo"": 4, ""tipo"": ""Recreación y Deportes"", ""id_lugar_sub_tipo"": 7, ""subtipo"": ""Clubes"", ""id_titular"": 4, ""titular"": ""Privado"", ""fax"": """", ""email"": """", ""telefonos"": ""Tel. 4308295"", ""calle"": ""SUIPACHA"", ""altura"": 1363, ""bis"": 0, ""letra"": """", ""piso"": """", ""dpto"": """", ""distrito"": ""Centro"" }, ""geometry"": { ""type"": ""Point"", ""coordinates"": [ -60.665841, -32.948799 ] } }"
1446,Club Indalecio G. Theiler,Club Indalecio G. Theiler,4,Recreación y Deportes,7,Clubes,4,Privado,,,,PARAGUAY,4586,0,,,,Sur,"{ ""type"": ""Feature"", ""properties"": { ""id_lugar"": 1446, ""nombre"": ""Club Indalecio G. Theiler"", ""nombre_corto"": ""Club Indalecio G. Theiler"", ""id_lugar_tipo"": 4, ""tipo"": ""Recreación y Deportes"", ""id_lugar_sub_tipo"": 7, ""subtipo"": ""Clubes"", ""id_titular"": 4, ""titular"": ""Privado"", ""fax"": """", ""email"": """", ""telefonos"": """", ""calle"": ""PARAGUAY"", ""altura"": 4586, ""bis"": 0, ""letra"": """", ""piso"": """", ""dpto"": """", ""distrito"": ""Sur"" }, ""geometry"": { ""type"": ""Point"", ""coordinates"": [ -60.654958, -32.989381 ] } }"
1448,Club Intercambio Evaristo Carriego,Club Intercambio E. Carriego,4,Recreación y Deportes,7,Clubes,4,Privado,,,Tel. 4302061 / 4382591,PERON EVA,4760,0,,,,Centro,"{ ""type"": ""Feature"", ""properties"": { ""id_lugar"": 1448, ""nombre"": ""Club Intercambio Evaristo Carriego"", ""nombre_corto"": ""Club Intercambio E. Carriego"", ""id_lugar_tipo"": 4, ""tipo"": ""Recreación y Deportes"", ""id_lugar_sub_tipo"": 7, ""subtipo"": ""Clubes"", ""id_titular"": 4, ""titular"": ""Privado"", ""fax"": """", ""email"": """", ""telefonos"": ""Tel. 4302061 \/ 4382591"", ""calle"": ""PERON EVA"", ""altura"": 4760, ""bis"": 0, ""letra"": """", ""piso"": """", ""dpto"": """", ""distrito"": ""Centro"" }, ""geometry"": { ""type"": ""Point"", ""coordinates"": [ -60.688066, -32.937335 ] } }"
1449,Club Italiano,Club Italiano,4,Recreación y Deportes,7,Clubes,4,Privado,,,Tel. 4494194,BUENOS AIRES,1252,0,,,,Centro,"{ ""type"": ""Feature"", ""properties"": { ""id_lugar"": 1449, ""nombre"": ""Club Italiano"", ""nombre_corto"": ""Club Italiano"", ""id_lugar_tipo"": 4, ""tipo"": ""Recreación y Deportes"", ""id_lugar_sub_tipo"": 7, ""subtipo"": ""Clubes"", ""id_titular"": 4, ""titular"": ""Privado"", ""fax"": """", ""email"": """", ""telefonos"": ""Tel. 4494194"", ""calle"": ""BUENOS AIRES"", ""altura"": 1252, ""bis"": 0, ""letra"": """", ""piso"": """", ""dpto"": """", ""distrito"": ""Centro"" }, ""geometry"": { ""type"": ""Point"", ""coordinates"": [ -60.634262, -32.953100 ] } }"
1450,Jockey Club Rosario (Sede),Jockey Club (Sede),4,Recreación y Deportes,7,Clubes,4,Privado,,,Tel. 4246061/ 6177/ 6298,MAIPU,801,0,,,,Centro,"{ ""type"": ""Feature"", ""properties"": { ""id_lugar"": 1450, ""nombre"": ""Jockey Club Rosario (Sede)"", ""nombre_corto"": ""Jockey Club (Sede)"", ""id_lugar_tipo"": 4, ""tipo"": ""Recreación y Deportes"", ""id_lugar_sub_tipo"": 7, ""subtipo"": ""Clubes"", ""id_titular"": 4, ""titular"": ""Privado"", ""fax"": """", ""email"": """", ""telefonos"": ""Tel. 4246061\/ 6177\/ 6298"", ""calle"": ""MAIPU"", ""altura"": 801, ""bis"": 0, ""letra"": """", ""piso"": """", ""dpto"": """", ""distrito"": ""Centro"" }, ""geometry"": { ""type"": ""Point"", ""coordinates"": [ -60.635123, -32.947076 ] } }"
1452,Club Juventud Provincias Unidas,Club Juventud Provincias Unida,4,Recreación y Deportes,7,Clubes,4,Privado,,,,COCHABAMBA,6675,0,,,,Oeste,"{ ""type"": ""Feature"", ""properties"": { ""id_lugar"": 1452, ""nombre"": ""Club Juventud Provincias Unidas"", ""nombre_corto"": ""Club Juventud Provincias Unida"", ""id_lugar_tipo"": 4, ""tipo"": ""Recreación y Deportes"", ""id_lugar_sub_tipo"": 7, ""subtipo"": ""Clubes"", ""id_titular"": 4, ""titular"": ""Privado"", ""fax"": """", ""email"": """", ""telefonos"": """", ""calle"": ""COCHABAMBA"", ""altura"": 6675, ""bis"": 0, ""letra"": """", ""piso"": """", ""dpto"": """", ""distrito"": ""Oeste"" }, ""geometry"": { ""type"": ""Point"", ""coordinates"": [ -60.711841, -32.949856 ] } }"
1454,Club de Bochas Leña y Leña,Club de Bochas Leña y Leña,4,Recreación y Deportes,7,Clubes,4,Privado,,,,RONDEAU GRAL. JOSE,1793,0,,,,Norte,"{ ""type"": ""Feature"", ""properties"": { ""id_lugar"": 1454, ""nombre"": ""Club de Bochas Leña y Leña"", ""nombre_corto"": ""Club de Bochas Leña y Leña"", ""id_lugar_tipo"": 4, ""tipo"": ""Recreación y Deportes"", ""id_lugar_sub_tipo"": 7, ""subtipo"": ""Clubes"", ""id_titular"": 4, ""titular"": ""Privado"", ""fax"": """", ""email"": """", ""telefonos"": """", ""calle"": ""RONDEAU GRAL. JOSE"", ""altura"": 1793, ""bis"": 0, ""letra"": """", ""piso"": """", ""dpto"": """", ""distrito"": ""Norte"" }, ""geometry"": { ""type"": ""Point"", ""coordinates"": [ -60.692196, -32.896492 ] } }"
1455,Club Los Caranchos,Club Los Caranchos,4,Recreación y Deportes,7,Clubes,4,Privado,,,Tel. 4584375,WILDE DR. EDUARDO,1202,0,,,,Noroeste,"{ ""type"": ""Feature"", ""properties"": { ""id_lugar"": 1455, ""nombre"": ""Club Los Caranchos"", ""nombre_corto"": ""Club Los Caranchos"", ""id_lugar_tipo"": 4, ""tipo"": ""Recreación y Deportes"", ""id_lugar_sub_tipo"": 7, ""subtipo"": ""Clubes"", ""id_titular"": 4, ""titular"": ""Privado"", ""fax"": """", ""email"": """", ""telefonos"": ""Tel. 4584375"", ""calle"": ""WILDE DR. EDUARDO"", ""altura"": 1202, ""bis"": 0, ""letra"": """", ""piso"": """", ""dpto"": """", ""distrito"": ""Noroeste"" }, ""geometry"": { ""type"": ""Point"", ""coordinates"": [ -60.738530, -32.942912 ] } }"
1456,Club Los Rosarinos Estudiantil,Club Los Rosarinos Estudiantil,4,Recreación y Deportes,7,Clubes,4,Privado,,,Tel. 4351273/4396709,IRIONDO GOBERNADOR SIMON,375,0,,,,Centro,"{ ""type"": ""Feature"", ""properties"": { ""id_lugar"": 1456, ""nombre"": ""Club Los Rosarinos Estudiantil"", ""nombre_corto"": ""Club Los Rosarinos Estudiantil"", ""id_lugar_tipo"": 4, ""tipo"": ""Recreación y Deportes"", ""id_lugar_sub_tipo"": 7, ""subtipo"": ""Clubes"", ""id_titular"": 4, ""titular"": ""Privado"", ""fax"": """", ""email"": """", ""telefonos"": ""Tel. 4351273\/4396709"", ""calle"": ""IRIONDO GOBERNADOR SIMON"", ""altura"": 375, ""bis"": 0, ""letra"": """", ""piso"": """", ""dpto"": """", ""distrito"": ""Centro"" }, ""geometry"": { ""type"": ""Point"", ""coordinates"": [ -60.668270, -32.935875 ] } }"
1457,Club Mendoza,Club Mendoza,4,Recreación y Deportes,7,Clubes,4,Privado,,,,PEREZ BULNES EDUARDO,5660,0,,,,Noroeste,"{ ""type"": ""Feature"", ""properties"": { ""id_lugar"": 1457, ""nombre"": ""Club Mendoza"", ""nombre_corto"": ""Club Mendoza"", ""id_lugar_tipo"": 4, ""tipo"": ""Recreación y Deportes"", ""id_lugar_sub_tipo"": 7, ""subtipo"": ""Clubes"", ""id_titular"": 4, ""titular"": ""Privado"", ""fax"": """", ""email"": """", ""telefonos"": """", ""calle"": ""PEREZ BULNES EDUARDO"", ""altura"": 5660, ""bis"": 0, ""letra"": """", ""piso"": """", ""dpto"": """", ""distrito"": ""Noroeste"" }, ""geometry"": { ""type"": ""Point"", ""coordinates"": [ -60.700601, -32.942000 ] } }"
1458,Club Náutico Sportivo Avellaneda,Club Náutico Sportivo Avellane,4,Recreación y Deportes,7,Clubes,4,Privado,,nautico@cnauticoavellaneda.com.ar,Tel. 4305192/4380625,TUELLA PEDRO,952,1,,,,Norte,"{ ""type"": ""Feature"", ""properties"": { ""id_lugar"": 1458, ""nombre"": ""Club Náutico Sportivo Avellaneda"", ""nombre_corto"": ""Club Náutico Sportivo Avellane"", ""id_lugar_tipo"": 4, ""tipo"": ""Recreación y Deportes"", ""id_lugar_sub_tipo"": 7, ""subtipo"": ""Clubes"", ""id_titular"": 4, ""titular"": ""Privado"", ""fax"": """", ""email"": ""nautico@cnauticoavellaneda.com.ar"", ""telefonos"": ""Tel. 4305192\/4380625"", ""calle"": ""TUELLA PEDRO"", ""altura"": 952, ""bis"": 1, ""letra"": """", ""piso"": """", ""dpto"": """", ""distrito"": ""Norte"" }, ""geometry"": { ""type"": ""Point"", ""coordinates"": [ -60.672400, -32.916053 ] } }"
1459,Club Atlético Newells Old Boys,Club Newell’s Old Boys,4,Recreación y Deportes,7,Clubes,4,Privado,,,Tel. 4211180-4244169,MORCILLO ESTEBAN,2563,0,,,,Centro,"{ ""type"": ""Feature"", ""properties"": { ""id_lugar"": 1459, ""nombre"": ""Club Atlético Newells Old Boys"", ""nombre_corto"": ""Club Newell’s Old Boys"", ""id_lugar_tipo"": 4, ""tipo"": ""Recreación y Deportes"", ""id_lugar_sub_tipo"": 7, ""subtipo"": ""Clubes"", ""id_titular"": 4, ""titular"": ""Privado"", ""fax"": """", ""email"": """", ""telefonos"": ""Tel. 4211180-4244169"", ""calle"": ""MORCILLO ESTEBAN"", ""altura"": 2563, ""bis"": 0, ""letra"": """", ""piso"": """", ""dpto"": """", ""distrito"": ""Centro"" }, ""geometry"": { ""type"": ""Point"", ""coordinates"": [ -60.661222, -32.954970 ] } }"
1460,Club Nueva Aurora,Club Nueva Aurora,4,Recreación y Deportes,7,Clubes,4,Privado,,,,SUIPACHA,2175,0,,,,Centro,"{ ""type"": ""Feature"", ""properties"": { ""id_lugar"": 1460, ""nombre"": ""Club Nueva Aurora"", ""nombre_corto"": ""Club Nueva Aurora"", ""id_lugar_tipo"": 4, ""tipo"": ""Recreación y Deportes"", ""id_lugar_sub_tipo"": 7, ""subtipo"": ""Clubes"", ""id_titular"": 4, ""titular"": ""Privado"", ""fax"": """", ""email"": """", ""telefonos"": """", ""calle"": ""SUIPACHA"", ""altura"": 2175, ""bis"": 0, ""letra"": """", ""piso"": """", ""dpto"": """", ""distrito"": ""Centro"" }, ""geometry"": { ""type"": ""Point"", ""coordinates"": [ -60.668177, -32.958089 ] } }"
1461,Club Nueva Era,Club Nueva Era,4,Recreación y Deportes,7,Clubes,4,Privado,,,,PETTINARI PBRO. DOMINGO,6640,0,,,,Noroeste,"{ ""type"": ""Feature"", ""properties"": { ""id_lugar"": 1461, ""nombre"": ""Club Nueva Era"", ""nombre_corto"": ""Club Nueva Era"", ""id_lugar_tipo"": 4, ""tipo"": ""Recreación y Deportes"", ""id_lugar_sub_tipo"": 7, ""subtipo"": ""Clubes"", ""id_titular"": 4, ""titular"": ""Privado"", ""fax"": """", ""email"": """", ""telefonos"": """", ""calle"": ""PETTINARI PBRO. DOMINGO"", ""altura"": 6640, ""bis"": 0, ""letra"": """", ""piso"": """", ""dpto"": """", ""distrito"": ""Noroeste"" }, ""geometry"": { ""type"": ""Point"", ""coordinates"": [ -60.711891, -32.939503 ] } }"
1462,Club Old Resian,Club Old Resian,4,Recreación y Deportes,7,Clubes,4,Privado,,,Tel. 4560404,WILDE DR. EDUARDO,1150,0,,,,Noroeste,"{ ""type"": ""Feature"", ""properties"": { ""id_lugar"": 1462, ""nombre"": ""Club Old Resian"", ""nombre_corto"": ""Club Old Resian"", ""id_lugar_tipo"": 4, ""tipo"": ""Recreación y Deportes"", ""id_lugar_sub_tipo"": 7, ""subtipo"": ""Clubes"", ""id_titular"": 4, ""titular"": ""Privado"", ""fax"": """", ""email"": """", ""telefonos"": ""Tel. 4560404"", ""calle"": ""WILDE DR. EDUARDO"", ""altura"": 1150, ""bis"": 0, ""letra"": """", ""piso"": """", ""dpto"": """", ""distrito"": ""Noroeste"" }, ""geometry"": { ""type"": ""Point"", ""coordinates"": [ -60.738557, -32.942228 ] } }"
1463,Club Atlético Olegario Víctor Andrade,Club Olegario Víctor Andrade,4,Recreación y Deportes,7,Clubes,4,Privado,,,Tel. 4616247,SAN MARTIN GRAL. JOSE,4989,0,,,,Sur,"{ ""type"": ""Feature"", ""properties"": { ""id_lugar"": 1463, ""nombre"": ""Club Atlético Olegario Víctor Andrade"", ""nombre_corto"": ""Club Olegario Víctor Andrade"", ""id_lugar_tipo"": 4, ""tipo"": ""Recreación y Deportes"", ""id_lugar_sub_tipo"": 7, ""subtipo"": ""Clubes"", ""id_titular"": 4, ""titular"": ""Privado"", ""fax"": """", ""email"": """", ""telefonos"": ""Tel. 4616247"", ""calle"": ""SAN MARTIN GRAL. JOSE"", ""altura"": 4989, ""bis"": 0, ""letra"": """", ""piso"": """", ""dpto"": """", ""distrito"": ""Sur"" }, ""geometry"": { ""type"": ""Point"", ""coordinates"": [ -60.647390, -32.994799 ] } }"
1464,Club Oroño,Club Oroño,4,Recreación y Deportes,7,Clubes,4,Privado,,,,OROÑO NICASIO,328,0,,,,Centro,"{ ""type"": ""Feature"", ""properties"": { ""id_lugar"": 1464, ""nombre"": ""Club Oroño"", ""nombre_corto"": ""Club Oroño"", ""id_lugar_tipo"": 4, ""tipo"": ""Recreación y Deportes"", ""id_lugar_sub_tipo"": 7, ""subtipo"": ""Clubes"", ""id_titular"": 4, ""titular"": ""Privado"", ""fax"": """", ""email"": """", ""telefonos"": """", ""calle"": ""OROÑO NICASIO"", ""altura"": 328, ""bis"": 0, ""letra"": """", ""piso"": """", ""dpto"": """", ""distrito"": ""Centro"" }, ""geometry"": { ""type"": ""Point"", ""coordinates"": [ -60.652153, -32.938167 ] } }"
1466,Club Atlético Provincial,Club Atlético Provincial,4,Recreación y Deportes,7,Clubes,4,Privado,,,Tel. 4323841/4332108/4332976,VEINTISIETE DE FEBRERO,2672,0,,,,Centro,"{ ""type"": ""Feature"", ""properties"": { ""id_lugar"": 1466, ""nombre"": ""Club Atlético Provincial"", ""nombre_corto"": ""Club Atlético Provincial"", ""id_lugar_tipo"": 4, ""tipo"": ""Recreación y Deportes"", ""id_lugar_sub_tipo"": 7, ""subtipo"": ""Clubes"", ""id_titular"": 4, ""titular"": ""Privado"", ""fax"": """", ""email"": """", ""telefonos"": ""Tel. 4323841\/4332108\/4332976"", ""calle"": ""VEINTISIETE DE FEBRERO"", ""altura"": 2672, ""bis"": 0, ""letra"": """", ""piso"": """", ""dpto"": """", ""distrito"": ""Centro"" }, ""geometry"": { ""type"": ""Point"", ""coordinates"": [ -60.665019, -32.963572 ] } }"
1467,Club Reflejos,Club Reflejos,4,Recreación y Deportes,7,Clubes,4,Privado,,,,GENOVA,5510,0,,,,Noroeste,"{ ""type"": ""Feature"", ""properties"": { ""id_lugar"": 1467, ""nombre"": ""Club Reflejos"", ""nombre_corto"": ""Club Reflejos"", ""id_lugar_tipo"": 4, ""tipo"": ""Recreación y Deportes"", ""id_lugar_sub_tipo"": 7, ""subtipo"": ""Clubes"", ""id_titular"": 4, ""titular"": ""Privado"", ""fax"": """", ""email"": """", ""telefonos"": """", ""calle"": ""GENOVA"", ""altura"": 5510, ""bis"": 0, ""letra"": """", ""piso"": """", ""dpto"": """", ""distrito"": ""Noroeste"" }, ""geometry"": { ""type"": ""Point"", ""coordinates"": [ -60.699187, -32.915472 ] } }"
1468,Club Regatas Rosario,Club Regatas Rosario,4,Recreación y Deportes,7,Clubes,4,Privado,,,Tel. 4308181/4399281,CORDIVIOLA JUAN B,1268,1,,,,Norte,"{ ""type"": ""Feature"", ""properties"": { ""id_lugar"": 1468, ""nombre"": ""Club Regatas Rosario"", ""nombre_corto"": ""Club Regatas Rosario"", ""id_lugar_tipo"": 4, ""tipo"": ""Recreación y Deportes"", ""id_lugar_sub_tipo"": 7, ""subtipo"": ""Clubes"", ""id_titular"": 4, ""titular"": ""Privado"", ""fax"": """", ""email"": """", ""telefonos"": ""Tel. 4308181\/4399281"", ""calle"": ""CORDIVIOLA JUAN B"", ""altura"": 1268, ""bis"": 1, ""letra"": """", ""piso"": """", ""dpto"": """", ""distrito"": ""Norte"" }, ""geometry"": { ""type"": ""Point"", ""coordinates"": [ -60.675228, -32.913077 ] } }"
1469,Club Remeros Alberdi,Club Remeros Alberdi,4,Recreación y Deportes,7,Clubes,4,Privado,,,Tel. 4550092,PUCCIO JOSE N,150,0,,,,Norte,"{ ""type"": ""Feature"", ""properties"": { ""id_lugar"": 1469, ""nombre"": ""Club Remeros Alberdi"", ""nombre_corto"": ""Club Remeros Alberdi"", ""id_lugar_tipo"": 4, ""tipo"": ""Recreación y Deportes"", ""id_lugar_sub_tipo"": 7, ""subtipo"": ""Clubes"", ""id_titular"": 4, ""titular"": ""Privado"", ""fax"": """", ""email"": """", ""telefonos"": ""Tel. 4550092"", ""calle"": ""PUCCIO JOSE N"", ""altura"": 150, ""bis"": 0, ""letra"": """", ""piso"": """", ""dpto"": """", ""distrito"": ""Norte"" }, ""geometry"": { ""type"": ""Point"", ""coordinates"": [ -60.686269, -32.893434 ] } }"
1470,Club Social y Deportivo Río Negro,Club Río Negro,4,Recreación y Deportes,7,Clubes,4,Privado,,,Tel. 4568158/4592511,FOREST CAPITAN CARLOS,6251,0,,,,Noroeste,"{ ""type"": ""Feature"", ""properties"": { ""id_lugar"": 1470, ""nombre"": ""Club Social y Deportivo Río Negro"", ""nombre_corto"": ""Club Río Negro"", ""id_lugar_tipo"": 4, ""tipo"": ""Recreación y Deportes"", ""id_lugar_sub_tipo"": 7, ""subtipo"": ""Clubes"", ""id_titular"": 4, ""titular"": ""Privado"", ""fax"": """", ""email"": """", ""telefonos"": ""Tel. 4568158\/4592511"", ""calle"": ""FOREST CAPITAN CARLOS"", ""altura"": 6251, ""bis"": 0, ""letra"": """", ""piso"": """", ""dpto"": """", ""distrito"": ""Noroeste"" }, ""geometry"": { ""type"": ""Point"", ""coordinates"": [ -60.707222, -32.943457 ] } }"
1471,Club Roque Saenz Peña,Club Roque Saenz Peña,4,Recreación y Deportes,7,Clubes,4,Privado,,,,BARBOSA RUI,530,0,,,,Sur,"{ ""type"": ""Feature"", ""properties"": { ""id_lugar"": 1471, ""nombre"": ""Club Roque Saenz Peña"", ""nombre_corto"": ""Club Roque Saenz Peña"", ""id_lugar_tipo"": 4, ""tipo"": ""Recreación y Deportes"", ""id_lugar_sub_tipo"": 7, ""subtipo"": ""Clubes"", ""id_titular"": 4, ""titular"": ""Privado"", ""fax"": """", ""email"": """", ""telefonos"": """", ""calle"": ""BARBOSA RUI"", ""altura"": 530, ""bis"": 0, ""letra"": """", ""piso"": """", ""dpto"": """", ""distrito"": ""Sur"" }, ""geometry"": { ""type"": ""Point"", ""coordinates"": [ -60.640761, -33.005970 ] } }"
1472,Club Rosarino de Pelota,Club Rosarino de Pelota,4,Recreación y Deportes,7,Clubes,4,Privado,,rosarino@crdp.com.ar <rosarino@crdp.com.ar,Tel. 4407864/4408141,SAN LUIS,402,0,,,,Centro,"{ ""type"": ""Feature"", ""properties"": { ""id_lugar"": 1472, ""nombre"": ""Club Rosarino de Pelota"", ""nombre_corto"": ""Club Rosarino de Pelota"", ""id_lugar_tipo"": 4, ""tipo"": ""Recreación y Deportes"", ""id_lugar_sub_tipo"": 7, ""subtipo"": ""Clubes"", ""id_titular"": 4, ""titular"": ""Privado"", ""fax"": """", ""email"": ""rosarino@crdp.com.ar <rosarino@crdp.com.ar"", ""telefonos"": ""Tel. 4407864\/4408141"", ""calle"": ""SAN LUIS"", ""altura"": 402, ""bis"": 0, ""letra"": """", ""piso"": """", ""dpto"": """", ""distrito"": ""Centro"" }, ""geometry"": { ""type"": ""Point"", ""coordinates"": [ -60.628976, -32.950692 ] } }"
1473,Club Atlético Rosario Central,Club Atlético Rosario Central,4,Recreación y Deportes,7,Clubes,4,Privado,,,Tel. 4724071,GENOVA,794,0,,,,Norte,"{ ""type"": ""Feature"", ""properties"": { ""id_lugar"": 1473, ""nombre"": ""Club Atlético Rosario Central"", ""nombre_corto"": ""Club Atlético Rosario Central"", ""id_lugar_tipo"": 4, ""tipo"": ""Recreación y Deportes"", ""id_lugar_sub_tipo"": 7, ""subtipo"": ""Clubes"", ""id_titular"": 4, ""titular"": ""Privado"", ""fax"": """", ""email"": """", ""telefonos"": ""Tel. 4724071"", ""calle"": ""GENOVA"", ""altura"": 794, ""bis"": 0, ""letra"": """", ""piso"": """", ""dpto"": """", ""distrito"": ""Norte"" }, ""geometry"": { ""type"": ""Point"", ""coordinates"": [ -60.675243, -32.914774 ] } }"
1475,Club Rosario Sur,Club Rosario Sur,4,Recreación y Deportes,7,Clubes,4,Privado,,,,CENTENO CRNEL. DAMASO,375,1,,,,Sur,"{ ""type"": ""Feature"", ""properties"": { ""id_lugar"": 1475, ""nombre"": ""Club Rosario Sur"", ""nombre_corto"": ""Club Rosario Sur"", ""id_lugar_tipo"": 4, ""tipo"": ""Recreación y Deportes"", ""id_lugar_sub_tipo"": 7, ""subtipo"": ""Clubes"", ""id_titular"": 4, ""titular"": ""Privado"", ""fax"": """", ""email"": """", ""telefonos"": """", ""calle"": ""CENTENO CRNEL. DAMASO"", ""altura"": 375, ""bis"": 1, ""letra"": """", ""piso"": """", ""dpto"": """", ""distrito"": ""Sur"" }, ""geometry"": { ""type"": ""Point"", ""coordinates"": [ -60.626854, -32.988229 ] } }"
1476,Club Saladillo,Club Saladillo,4,Recreación y Deportes,7,Clubes,4,Privado,,,Tel. 4637164/4642002,ARIJON MANUEL,159,0,,,,Sur,"{ ""type"": ""Feature"", ""properties"": { ""id_lugar"": 1476, ""nombre"": ""Club Saladillo"", ""nombre_corto"": ""Club Saladillo"", ""id_lugar_tipo"": 4, ""tipo"": ""Recreación y Deportes"", ""id_lugar_sub_tipo"": 7, ""subtipo"": ""Clubes"", ""id_titular"": 4, ""titular"": ""Privado"", ""fax"": """", ""email"": """", ""telefonos"": ""Tel. 4637164\/4642002"", ""calle"": ""ARIJON MANUEL"", ""altura"": 159, ""bis"": 0, ""letra"": """", ""piso"": """", ""dpto"": """", ""distrito"": ""Sur"" }, ""geometry"": { ""type"": ""Point"", ""coordinates"": [ -60.633124, -33.002624 ] } }"
1477,Club Social y Deportivo San Martín,Club San Martín,4,Recreación y Deportes,7,Clubes,4,Privado,,,Tel. 4549701,GOMEZ VALENTIN,3765,0,,,,Norte,"{ ""type"": ""Feature"", ""properties"": { ""id_lugar"": 1477, ""nombre"": ""Club Social y Deportivo San Martín"", ""nombre_corto"": ""Club San Martín"", ""id_lugar_tipo"": 4, ""tipo"": ""Recreación y Deportes"", ""id_lugar_sub_tipo"": 7, ""subtipo"": ""Clubes"", ""id_titular"": 4, ""titular"": ""Privado"", ""fax"": """", ""email"": """", ""telefonos"": ""Tel. 4549701"", ""calle"": ""GOMEZ VALENTIN"", ""altura"": 3765, ""bis"": 0, ""letra"": """", ""piso"": """", ""dpto"": """", ""distrito"": ""Norte"" }, ""geometry"": { ""type"": ""Point"", ""coordinates"": [ -60.699948, -32.881339 ] } }"
1478,Club Social y Deportivo Casiano Casas,Club Social y Deportivo Casian,4,Recreación y Deportes,7,Clubes,4,Privado,,,,CASAS CASIANO,940,0,,,,Norte,"{ ""type"": ""Feature"", ""properties"": { ""id_lugar"": 1478, ""nombre"": ""Club Social y Deportivo Casiano Casas"", ""nombre_corto"": ""Club Social y Deportivo Casian"", ""id_lugar_tipo"": 4, ""tipo"": ""Recreación y Deportes"", ""id_lugar_sub_tipo"": 7, ""subtipo"": ""Clubes"", ""id_titular"": 4, ""titular"": ""Privado"", ""fax"": """", ""email"": """", ""telefonos"": """", ""calle"": ""CASAS CASIANO"", ""altura"": 940, ""bis"": 0, ""letra"": """", ""piso"": """", ""dpto"": """", ""distrito"": ""Norte"" }, ""geometry"": { ""type"": ""Point"", ""coordinates"": [ -60.695886, -32.906919 ] } }"
1479,Club Social y Deportivo Cultural Sarmiento,Club Social y Deportivo Cultur,4,Recreación y Deportes,7,Clubes,4,Privado,,,,SARMIENTO DOMINGO FAUSTIN,4642,0,,,,Sur,"{ ""type"": ""Feature"", ""properties"": { ""id_lugar"": 1479, ""nombre"": ""Club Social y Deportivo Cultural Sarmiento"", ""nombre_corto"": ""Club Social y Deportivo Cultur"", ""id_lugar_tipo"": 4, ""tipo"": ""Recreación y Deportes"", ""id_lugar_sub_tipo"": 7, ""subtipo"": ""Clubes"", ""id_titular"": 4, ""titular"": ""Privado"", ""fax"": """", ""email"": """", ""telefonos"": """", ""calle"": ""SARMIENTO DOMINGO FAUSTIN"", ""altura"": 4642, ""bis"": 0, ""letra"": """", ""piso"": """", ""dpto"": """", ""distrito"": ""Sur"" }, ""geometry"": { ""type"": ""Point"", ""coordinates"": [ -60.649504, -32.991255 ] } }"
1480,Club Atlético Sportivo Alberdi,Club Sportivo Alberdi,4,Recreación y Deportes,7,Clubes,4,Privado,,,Tel. 4530335,ARAOZ PEDRO MIGUEL,1050,0,,,,Norte,"{ ""type"": ""Feature"", ""properties"": { ""id_lugar"": 1480, ""nombre"": ""Club Atlético Sportivo Alberdi"", ""nombre_corto"": ""Club Sportivo Alberdi"", ""id_lugar_tipo"": 4, ""tipo"": ""Recreación y Deportes"", ""id_lugar_sub_tipo"": 7, ""subtipo"": ""Clubes"", ""id_titular"": 4, ""titular"": ""Privado"", ""fax"": """", ""email"": """", ""telefonos"": ""Tel. 4530335"", ""calle"": ""ARAOZ PEDRO MIGUEL"", ""altura"": 1050, ""bis"": 0, ""letra"": """", ""piso"": """", ""dpto"": """", ""distrito"": ""Norte"" }, ""geometry"": { ""type"": ""Point"", ""coordinates"": [ -60.698265, -32.889706 ] } }"
1481,Club Sparta,Club Sparta,4,Recreación y Deportes,7,Clubes,4,Privado,,,,MACIEL COSME,1235,0,,,,Norte,"{ ""type"": ""Feature"", ""properties"": { ""id_lugar"": 1481, ""nombre"": ""Club Sparta"", ""nombre_corto"": ""Club Sparta"", ""id_lugar_tipo"": 4, ""tipo"": ""Recreación y Deportes"", ""id_lugar_sub_tipo"": 7, ""subtipo"": ""Clubes"", ""id_titular"": 4, ""titular"": ""Privado"", ""fax"": """", ""email"": """", ""telefonos"": """", ""calle"": ""MACIEL COSME"", ""altura"": 1235, ""bis"": 0, ""letra"": """", ""piso"": """", ""dpto"": """", ""distrito"": ""Norte"" }, ""geometry"": { ""type"": ""Point"", ""coordinates"": [ -60.695464, -32.905215 ] } }"
1482,Club Social y Deportivo Sporstmen Unidos,Club Sporstmen Unidos,4,Recreación y Deportes,7,Clubes,4,Privado,,,Tel. 4824072/4829720,PRIMERO DE MAYO,2143,0,,,,Centro,"{ ""type"": ""Feature"", ""properties"": { ""id_lugar"": 1482, ""nombre"": ""Club Social y Deportivo Sporstmen Unidos"", ""nombre_corto"": ""Club Sporstmen Unidos"", ""id_lugar_tipo"": 4, ""tipo"": ""Recreación y Deportes"", ""id_lugar_sub_tipo"": 7, ""subtipo"": ""Clubes"", ""id_titular"": 4, ""titular"": ""Privado"", ""fax"": """", ""email"": """", ""telefonos"": ""Tel. 4824072\/4829720"", ""calle"": ""PRIMERO DE MAYO"", ""altura"": 2143, ""bis"": 0, ""letra"": """", ""piso"": """", ""dpto"": """", ""distrito"": ""Centro"" }, ""geometry"": { ""type"": ""Point"", ""coordinates"": [ -60.633593, -32.963889 ] } }"
1484,Club Atlético Sportivo Constitución,Club Sportivo Constitución,4,Recreación y Deportes,7,Clubes,4,Privado,,,Tel. 4396302,URQUIZA GRAL. JUSTO JOSE,3762,0,,,,Centro,"{ ""type"": ""Feature"", ""properties"": { ""id_lugar"": 1484, ""nombre"": ""Club Atlético Sportivo Constitución"", ""nombre_corto"": ""Club Sportivo Constitución"", ""id_lugar_tipo"": 4, ""tipo"": ""Recreación y Deportes"", ""id_lugar_sub_tipo"": 7, ""subtipo"": ""Clubes"", ""id_titular"": 4, ""titular"": ""Privado"", ""fax"": """", ""email"": """", ""telefonos"": ""Tel. 4396302"", ""calle"": ""URQUIZA GRAL. JUSTO JOSE"", ""altura"": 3762, ""bis"": 0, ""letra"": """", ""piso"": """", ""dpto"": """", ""distrito"": ""Centro"" }, ""geometry"": { ""type"": ""Point"", ""coordinates"": [ -60.673653, -32.936340 ] } }"
1485,Club Sportivo Rosario,Club Sportivo Rosario,4,Recreación y Deportes,7,Clubes,4,Privado,,,,BAYO SERVANDO,546,0,,,,Noroeste,"{ ""type"": ""Feature"", ""properties"": { ""id_lugar"": 1485, ""nombre"": ""Club Sportivo Rosario"", ""nombre_corto"": ""Club Sportivo Rosario"", ""id_lugar_tipo"": 4, ""tipo"": ""Recreación y Deportes"", ""id_lugar_sub_tipo"": 7, ""subtipo"": ""Clubes"", ""id_titular"": 4, ""titular"": ""Privado"", ""fax"": """", ""email"": """", ""telefonos"": """", ""calle"": ""BAYO SERVANDO"", ""altura"": 546, ""bis"": 0, ""letra"": """", ""piso"": """", ""dpto"": """", ""distrito"": ""Noroeste"" }, ""geometry"": { ""type"": ""Point"", ""coordinates"": [ -60.683942, -32.935158 ] } }"
1486,Club Sportivo Triángulo,Club Sportivo Triángulo,4,Recreación y Deportes,7,Clubes,4,Privado,,,,AMENABAR JOSE DE,5350,0,,,,Oeste,"{ ""type"": ""Feature"", ""properties"": { ""id_lugar"": 1486, ""nombre"": ""Club Sportivo Triángulo"", ""nombre_corto"": ""Club Sportivo Triángulo"", ""id_lugar_tipo"": 4, ""tipo"": ""Recreación y Deportes"", ""id_lugar_sub_tipo"": 7, ""subtipo"": ""Clubes"", ""id_titular"": 4, ""titular"": ""Privado"", ""fax"": """", ""email"": """", ""telefonos"": """", ""calle"": ""AMENABAR JOSE DE"", ""altura"": 5350, ""bis"": 0, ""letra"": """", ""piso"": """", ""dpto"": """", ""distrito"": ""Oeste"" }, ""geometry"": { ""type"": ""Point"", ""coordinates"": [ -60.695732, -32.963421 ] } }"
1487,Club Sunderland,Club Sunderland,4,Recreación y Deportes,7,Clubes,4,Privado,,,,ALDAO CAMILO,528,0,,,,Noroeste,"{ ""type"": ""Feature"", ""properties"": { ""id_lugar"": 1487, ""nombre"": ""Club Sunderland"", ""nombre_corto"": ""Club Sunderland"", ""id_lugar_tipo"": 4, ""tipo"": ""Recreación y Deportes"", ""id_lugar_sub_tipo"": 7, ""subtipo"": ""Clubes"", ""id_titular"": 4, ""titular"": ""Privado"", ""fax"": """", ""email"": """", ""telefonos"": """", ""calle"": ""ALDAO CAMILO"", ""altura"": 528, ""bis"": 0, ""letra"": """", ""piso"": """", ""dpto"": """", ""distrito"": ""Noroeste"" }, ""geometry"": { ""type"": ""Point"", ""coordinates"": [ -60.696346, -32.933272 ] } }"
1488,Club Teléfonos Rosario,Club Teléfonos Rosario,4,Recreación y Deportes,7,Clubes,4,Privado,,,Tel. 4552700/4551187,BUCHANAN HUGO INGENIERO,551,0,,,,Norte,"{ ""type"": ""Feature"", ""properties"": { ""id_lugar"": 1488, ""nombre"": ""Club Teléfonos Rosario"", ""nombre_corto"": ""Club Teléfonos Rosario"", ""id_lugar_tipo"": 4, ""tipo"": ""Recreación y Deportes"", ""id_lugar_sub_tipo"": 7, ""subtipo"": ""Clubes"", ""id_titular"": 4, ""titular"": ""Privado"", ""fax"": """", ""email"": """", ""telefonos"": ""Tel. 4552700\/4551187"", ""calle"": ""BUCHANAN HUGO INGENIERO"", ""altura"": 551, ""bis"": 0, ""letra"": """", ""piso"": """", ""dpto"": """", ""distrito"": ""Norte"" }, ""geometry"": { ""type"": ""Point"", ""coordinates"": [ -60.693305, -32.881387 ] } }"
1489,Club Atlético Temperley,Club Atlético Temperley,4,Recreación y Deportes,7,Clubes,4,Privado,,,Tel. 4825505,AYACUCHO BATALLA DE,2167,0,,,,Centro,"{ ""type"": ""Feature"", ""properties"": { ""id_lugar"": 1489, ""nombre"": ""Club Atlético Temperley"", ""nombre_corto"": ""Club Atlético Temperley"", ""id_lugar_tipo"": 4, ""tipo"": ""Recreación y Deportes"", ""id_lugar_sub_tipo"": 7, ""subtipo"": ""Clubes"", ""id_titular"": 4, ""titular"": ""Privado"", ""fax"": """", ""email"": """", ""telefonos"": ""Tel. 4825505"", ""calle"": ""AYACUCHO BATALLA DE"", ""altura"": 2167, ""bis"": 0, ""letra"": """", ""piso"": """", ""dpto"": """", ""distrito"": ""Centro"" }, ""geometry"": { ""type"": ""Point"", ""coordinates"": [ -60.630861, -32.964670 ] } }"
1490,Club Atlético Tiro Federal,Club Atlético Tiro Federal,4,Recreación y Deportes,7,Clubes,4,Privado,,,Tel. 4397774,HUMBERTO 1º,5100,0,,,,Noroeste,"{ ""type"": ""Feature"", ""properties"": { ""id_lugar"": 1490, ""nombre"": ""Club Atlético Tiro Federal"", ""nombre_corto"": ""Club Atlético Tiro Federal"", ""id_lugar_tipo"": 4, ""tipo"": ""Recreación y Deportes"", ""id_lugar_sub_tipo"": 7, ""subtipo"": ""Clubes"", ""id_titular"": 4, ""titular"": ""Privado"", ""fax"": """", ""email"": """", ""telefonos"": ""Tel. 4397774"", ""calle"": ""HUMBERTO 1º"", ""altura"": 5100, ""bis"": 0, ""letra"": """", ""piso"": """", ""dpto"": """", ""distrito"": ""Noroeste"" }, ""geometry"": { ""type"": ""Point"", ""coordinates"": [ -60.693961, -32.929852 ] } }"
1491,Club Tiro Suizo,Club Tiro Suizo,4,Recreación y Deportes,7,Clubes,4,Privado,,,,RAFFO,5120,0,,,,Sur,"{ ""type"": ""Feature"", ""properties"": { ""id_lugar"": 1491, ""nombre"": ""Club Tiro Suizo"", ""nombre_corto"": ""Club Tiro Suizo"", ""id_lugar_tipo"": 4, ""tipo"": ""Recreación y Deportes"", ""id_lugar_sub_tipo"": 7, ""subtipo"": ""Clubes"", ""id_titular"": 4, ""titular"": ""Privado"", ""fax"": """", ""email"": """", ""telefonos"": """", ""calle"": ""RAFFO"", ""altura"": 5120, ""bis"": 0, ""letra"": """", ""piso"": """", ""dpto"": """", ""distrito"": ""Sur"" }, ""geometry"": { ""type"": ""Point"", ""coordinates"": [ -60.649627, -32.997216 ] } }"
1492,Club Unidad y Tesón,Club Unidad y Tesón,4,Recreación y Deportes,7,Clubes,4,Privado,,,Tel. 4619700,ENTRE RIOS,3840,0,,,,Sur,"{ ""type"": ""Feature"", ""properties"": { ""id_lugar"": 1492, ""nombre"": ""Club Unidad y Tesón"", ""nombre_corto"": ""Club Unidad y Tesón"", ""id_lugar_tipo"": 4, ""tipo"": ""Recreación y Deportes"", ""id_lugar_sub_tipo"": 7, ""subtipo"": ""Clubes"", ""id_titular"": 4, ""titular"": ""Privado"", ""fax"": """", ""email"": """", ""telefonos"": ""Tel. 4619700"", ""calle"": ""ENTRE RIOS"", ""altura"": 3840, ""bis"": 0, ""letra"": """", ""piso"": """", ""dpto"": """", ""distrito"": ""Sur"" }, ""geometry"": { ""type"": ""Point"", ""coordinates"": [ -60.649946, -32.981202 ] } }"
1493,Club Unión Americana,Club Unión Americana,4,Recreación y Deportes,7,Clubes,4,Privado,,clubunionamericana@yahoo.com.ar,Tel. 4513027,BRASSEY TOMAS,7801,0,,,,Noroeste,"{ ""type"": ""Feature"", ""properties"": { ""id_lugar"": 1493, ""nombre"": ""Club Unión Americana"", ""nombre_corto"": ""Club Unión Americana"", ""id_lugar_tipo"": 4, ""tipo"": ""Recreación y Deportes"", ""id_lugar_sub_tipo"": 7, ""subtipo"": ""Clubes"", ""id_titular"": 4, ""titular"": ""Privado"", ""fax"": """", ""email"": ""clubunionamericana@yahoo.com.ar"", ""telefonos"": ""Tel. 4513027"", ""calle"": ""BRASSEY TOMAS"", ""altura"": 7801, ""bis"": 0, ""letra"": """", ""piso"": """", ""dpto"": """", ""distrito"": ""Noroeste"" }, ""geometry"": { ""type"": ""Point"", ""coordinates"": [ -60.730009, -32.923035 ] } }"
1494,Club Universitario de Rosario,Club Universitario de Rosario,4,Recreación y Deportes,7,Clubes,4,Privado,,clubuniversitario@arnet.com.ar,Tel. 4216975,DEL HUERTO,1051,0,,,,Centro,"{ ""type"": ""Feature"", ""properties"": { ""id_lugar"": 1494, ""nombre"": ""Club Universitario de Rosario"", ""nombre_corto"": ""Club Universitario de Rosario"", ""id_lugar_tipo"": 4, ""tipo"": ""Recreación y Deportes"", ""id_lugar_sub_tipo"": 7, ""subtipo"": ""Clubes"", ""id_titular"": 4, ""titular"": ""Privado"", ""fax"": """", ""email"": ""clubuniversitario@arnet.com.ar"", ""telefonos"": ""Tel. 4216975"", ""calle"": ""DEL HUERTO"", ""altura"": 1051, ""bis"": 0, ""letra"": """", ""piso"": """", ""dpto"": """", ""distrito"": ""Centro"" }, ""geometry"": { ""type"": ""Point"", ""coordinates"": [ -60.636137, -32.940425 ] } }"
1495,Club de Velas,Club de Velas,4,Recreación y Deportes,7,Clubes,4,Privado,,clubdevelas@arnetbiz.com.ar,Tel. 4545994,COLOMBRES JOSE E,956,0,,,,Noroeste,"{ ""type"": ""Feature"", ""properties"": { ""id_lugar"": 1495, ""nombre"": ""Club de Velas"", ""nombre_corto"": ""Club de Velas"", ""id_lugar_tipo"": 4, ""tipo"": ""Recreación y Deportes"", ""id_lugar_sub_tipo"": 7, ""subtipo"": ""Clubes"", ""id_titular"": 4, ""titular"": ""Privado"", ""fax"": """", ""email"": ""clubdevelas@arnetbiz.com.ar"", ""telefonos"": ""Tel. 4545994"", ""calle"": ""COLOMBRES JOSE E"", ""altura"": 956, ""bis"": 0, ""letra"": """", ""piso"": """", ""dpto"": """", ""distrito"": ""Noroeste"" }, ""geometry"": { ""type"": ""Point"", ""coordinates"": [ -60.729525, -32.939305 ] } }"
1496,Club Velocidad y Resistencia,Club Velocidad y Resistencia,4,Recreación y Deportes,7,Clubes,4,Privado,,,,URQUIZA GRAL. JUSTO JOSE,2737,0,,,,Centro,"{ ""type"": ""Feature"", ""properties"": { ""id_lugar"": 1496, ""nombre"": ""Club Velocidad y Resistencia"", ""nombre_corto"": ""Club Velocidad y Resistencia"", ""id_lugar_tipo"": 4, ""tipo"": ""Recreación y Deportes"", ""id_lugar_sub_tipo"": 7, ""subtipo"": ""Clubes"", ""id_titular"": 4, ""titular"": ""Privado"", ""fax"": """", ""email"": """", ""telefonos"": """", ""calle"": ""URQUIZA GRAL. JUSTO JOSE"", ""altura"": 2737, ""bis"": 0, ""letra"": """", ""piso"": """", ""dpto"": """", ""distrito"": ""Centro"" }, ""geometry"": { ""type"": ""Point"", ""coordinates"": [ -60.659744, -32.939019 ] } }"
1498,Asociación Cristiana de Jóvenes,Asociación Cristiana de Jóvene,4,Recreación y Deportes,7,Clubes,5,ONG,,,,CATAMARCA,1247,0,,,,Centro,"{ ""type"": ""Feature"", ""properties"": { ""id_lugar"": 1498, ""nombre"": ""Asociación Cristiana de Jóvenes"", ""nombre_corto"": ""Asociación Cristiana de Jóvene"", ""id_lugar_tipo"": 4, ""tipo"": ""Recreación y Deportes"", ""id_lugar_sub_tipo"": 7, ""subtipo"": ""Clubes"", ""id_titular"": 5, ""titular"": ""ONG"", ""fax"": """", ""email"": """", ""telefonos"": """", ""calle"": ""CATAMARCA"", ""altura"": 1247, ""bis"": 0, ""letra"": """", ""piso"": """", ""dpto"": """", ""distrito"": ""Centro"" }, ""geometry"": { ""type"": ""Point"", ""coordinates"": [ -60.638787, -32.940377 ] } }"
1563,Rosario Golf Club,Rosario Golf Club,4,Recreación y Deportes,7,Clubes,4,Privado,,info@rosariogolfclub.com <info@rosariogolfclub.com,Tel. 4514451,AZCUENAGA CMTE. MIGUEL,9001,0,,,,Noroeste,"{ ""type"": ""Feature"", ""properties"": { ""id_lugar"": 1563, ""nombre"": ""Rosario Golf Club"", ""nombre_corto"": ""Rosario Golf Club"", ""id_lugar_tipo"": 4, ""tipo"": ""Recreación y Deportes"", ""id_lugar_sub_tipo"": 7, ""subtipo"": ""Clubes"", ""id_titular"": 4, ""titular"": ""Privado"", ""fax"": """", ""email"": ""info@rosariogolfclub.com <info@rosariogolfclub.com"", ""telefonos"": ""Tel. 4514451"", ""calle"": ""AZCUENAGA CMTE. MIGUEL"", ""altura"": 9001, ""bis"": 0, ""letra"": """", ""piso"": """", ""dpto"": """", ""distrito"": ""Noroeste"" }, ""geometry"": { ""type"": ""Point"", ""coordinates"": [ -60.759260, -32.924546 ] } }"
2389,Jockey Club Rosario (Country),Jockey Club Rosario (Country),4,Recreación y Deportes,7,Clubes,4,Privado,,,Tel. 4510550/ 1231/ 2919/ 5669,PERON EVA,8203,0,,,,Noroeste,"{ ""type"": ""Feature"", ""properties"": { ""id_lugar"": 2389, ""nombre"": ""Jockey Club Rosario (Country)"", ""nombre_corto"": ""Jockey Club Rosario (Country)"", ""id_lugar_tipo"": 4, ""tipo"": ""Recreación y Deportes"", ""id_lugar_sub_tipo"": 7, ""subtipo"": ""Clubes"", ""id_titular"": 4, ""titular"": ""Privado"", ""fax"": """", ""email"": """", ""telefonos"": ""Tel. 4510550\/ 1231\/ 2919\/ 5669"", ""calle"": ""PERON EVA"", ""altura"": 8203, ""bis"": 0, ""letra"": """", ""piso"": """", ""dpto"": """", ""distrito"": ""Noroeste"" }, ""geometry"": { ""type"": ""Point"", ""coordinates"": [ -60.739400, -32.928421 ] } }"
2424,Club Infantil Oriental,Club Infantil Oriental,4,Recreación y Deportes,7,Clubes,4,Privado,,infantiloriental@hotmail.com,Tel. 4634094,BUENOS AIRES,5819,0,,,,Sur,"{ ""type"": ""Feature"", ""properties"": { ""id_lugar"": 2424, ""nombre"": ""Club Infantil Oriental"", ""nombre_corto"": ""Club Infantil Oriental"", ""id_lugar_tipo"": 4, ""tipo"": ""Recreación y Deportes"", ""id_lugar_sub_tipo"": 7, ""subtipo"": ""Clubes"", ""id_titular"": 4, ""titular"": ""Privado"", ""fax"": """", ""email"": ""infantiloriental@hotmail.com"", ""telefonos"": ""Tel. 4634094"", ""calle"": ""BUENOS AIRES"", ""altura"": 5819, ""bis"": 0, ""letra"": """", ""piso"": """", ""dpto"": """", ""distrito"": ""Sur"" }, ""geometry"": { ""type"": ""Point"", ""coordinates"": [ -60.644698, -33.004296 ] } }"
2434,Club de Squash Los  Graneros,C. de Squash Los  Graneros,4,Recreación y Deportes,7,Clubes,4,Privado,,,Tel. 4396031,OROÑO NICASIO,112,1,,,,Centro,"{ ""type"": ""Feature"", ""properties"": { ""id_lugar"": 2434, ""nombre"": ""Club de Squash Los  Graneros"", ""nombre_corto"": ""C. de Squash Los  Graneros"", ""id_lugar_tipo"": 4, ""tipo"": ""Recreación y Deportes"", ""id_lugar_sub_tipo"": 7, ""subtipo"": ""Clubes"", ""id_titular"": 4, ""titular"": ""Privado"", ""fax"": """", ""email"": """", ""telefonos"": ""Tel. 4396031"", ""calle"": ""OROÑO NICASIO"", ""altura"": 112, ""bis"": 1, ""letra"": """", ""piso"": """", ""dpto"": """", ""distrito"": ""Centro"" }, ""geometry"": { ""type"": ""Point"", ""coordinates"": [ -60.650134, -32.932243 ] } }"
2446,Rosario Rowing Club,Rosario Rowing Club,4,Recreación y Deportes,7,Clubes,4,Privado,,rosariorowing@hotmail.com,Tel. 4552219,COLOMBRES DR. CARLOS G,1798,0,,,,Norte,"{ ""type"": ""Feature"", ""properties"": { ""id_lugar"": 2446, ""nombre"": ""Rosario Rowing Club"", ""nombre_corto"": ""Rosario Rowing Club"", ""id_lugar_tipo"": 4, ""tipo"": ""Recreación y Deportes"", ""id_lugar_sub_tipo"": 7, ""subtipo"": ""Clubes"", ""id_titular"": 4, ""titular"": ""Privado"", ""fax"": """", ""email"": ""rosariorowing@hotmail.com"", ""telefonos"": ""Tel. 4552219"", ""calle"": ""COLOMBRES DR. CARLOS G"", ""altura"": 1798, ""bis"": 0, ""letra"": """", ""piso"": """", ""dpto"": """", ""distrito"": ""Norte"" }, ""geometry"": { ""type"": ""Point"", ""coordinates"": [ -60.684676, -32.891901 ] } }"
2504,Club Social Argentino Sirio,Club Social Argentino Sirio,4,Recreación y Deportes,7,Clubes,4,Privado,,,Tel. 406364 / 4409971,ITALIA,965,0,,,,Centro,"{ ""type"": ""Feature"", ""properties"": { ""id_lugar"": 2504, ""nombre"": ""Club Social Argentino Sirio"", ""nombre_corto"": ""Club Social Argentino Sirio"", ""id_lugar_tipo"": 4, ""tipo"": ""Recreación y Deportes"", ""id_lugar_sub_tipo"": 7, ""subtipo"": ""Clubes"", ""id_titular"": 4, ""titular"": ""Privado"", ""fax"": """", ""email"": """", ""telefonos"": ""Tel. 406364 \/ 4409971"", ""calle"": ""ITALIA"", ""altura"": 965, ""bis"": 0, ""letra"": """", ""piso"": """", ""dpto"": """", ""distrito"": ""Centro"" }, ""geometry"": { ""type"": ""Point"", ""coordinates"": [ -60.648245, -32.946812 ] } }"
2505,Club Atletico Lavalle,Club Atletico Lavalle,4,Recreación y Deportes,7,Clubes,4,Privado,,,,NUEVE DE JULIO,4050,0,,,,Centro,"{ ""type"": ""Feature"", ""properties"": { ""id_lugar"": 2505, ""nombre"": ""Club Atletico Lavalle"", ""nombre_corto"": ""Club Atletico Lavalle"", ""id_lugar_tipo"": 4, ""tipo"": ""Recreación y Deportes"", ""id_lugar_sub_tipo"": 7, ""subtipo"": ""Clubes"", ""id_titular"": 4, ""titular"": ""Privado"", ""fax"": """", ""email"": """", ""telefonos"": """", ""calle"": ""NUEVE DE JULIO"", ""altura"": 4050, ""bis"": 0, ""letra"": """", ""piso"": """", ""dpto"": """", ""distrito"": ""Centro"" }, ""geometry"": { ""type"": ""Point"", ""coordinates"": [ -60.680299, -32.946480 ] } }"
2506,Club Atlético Atlanta,Club Atlético Atlanta,4,Recreación y Deportes,7,Clubes,4,Privado,,,,SANTA FE,4455,0,,,,Centro,"{ ""type"": ""Feature"", ""properties"": { ""id_lugar"": 2506, ""nombre"": ""Club Atlético Atlanta"", ""nombre_corto"": ""Club Atlético Atlanta"", ""id_lugar_tipo"": 4, ""tipo"": ""Recreación y Deportes"", ""id_lugar_sub_tipo"": 7, ""subtipo"": ""Clubes"", ""id_titular"": 4, ""titular"": ""Privado"", ""fax"": """", ""email"": """", ""telefonos"": """", ""calle"": ""SANTA FE"", ""altura"": 4455, ""bis"": 0, ""letra"": """", ""piso"": """", ""dpto"": """", ""distrito"": ""Centro"" }, ""geometry"": { ""type"": ""Point"", ""coordinates"": [ -60.683636, -32.936997 ] } }"
2507,Club Atlético Belgrano,Club Atlético Belgrano,4,Recreación y Deportes,7,Clubes,4,Privado,,,Tel. 4824035,ITALIA,2901,0,,,,Centro,"{ ""type"": ""Feature"", ""properties"": { ""id_lugar"": 2507, ""nombre"": ""Club Atlético Belgrano"", ""nombre_corto"": ""Club Atlético Belgrano"", ""id_lugar_tipo"": 4, ""tipo"": ""Recreación y Deportes"", ""id_lugar_sub_tipo"": 7, ""subtipo"": ""Clubes"", ""id_titular"": 4, ""titular"": ""Privado"", ""fax"": """", ""email"": """", ""telefonos"": ""Tel. 4824035"", ""calle"": ""ITALIA"", ""altura"": 2901, ""bis"": 0, ""letra"": """", ""piso"": """", ""dpto"": """", ""distrito"": ""Centro"" }, ""geometry"": { ""type"": ""Point"", ""coordinates"": [ -60.653926, -32.969387 ] } }"
2508,Club Atlético Cuba Libre,Club Atlético Cuba Libre,4,Recreación y Deportes,7,Clubes,4,Privado,,,,SAN LORENZO,2470,0,,,,Centro,"{ ""type"": ""Feature"", ""properties"": { ""id_lugar"": 2508, ""nombre"": ""Club Atlético Cuba Libre"", ""nombre_corto"": ""Club Atlético Cuba Libre"", ""id_lugar_tipo"": 4, ""tipo"": ""Recreación y Deportes"", ""id_lugar_sub_tipo"": 7, ""subtipo"": ""Clubes"", ""id_titular"": 4, ""titular"": ""Privado"", ""fax"": """", ""email"": """", ""telefonos"": """", ""calle"": ""SAN LORENZO"", ""altura"": 2470, ""bis"": 0, ""letra"": """", ""piso"": """", ""dpto"": """", ""distrito"": ""Centro"" }, ""geometry"": { ""type"": ""Point"", ""coordinates"": [ -60.656353, -32.940648 ] } }"
2509,Club Atlético San Jorge,Club Atlético San Jorge,4,Recreación y Deportes,7,Clubes,4,Privado,,,,RODRIGUEZ MARTIN,712,0,,,,Centro,"{ ""type"": ""Feature"", ""properties"": { ""id_lugar"": 2509, ""nombre"": ""Club Atlético San Jorge"", ""nombre_corto"": ""Club Atlético San Jorge"", ""id_lugar_tipo"": 4, ""tipo"": ""Recreación y Deportes"", ""id_lugar_sub_tipo"": 7, ""subtipo"": ""Clubes"", ""id_titular"": 4, ""titular"": ""Privado"", ""fax"": """", ""email"": """", ""telefonos"": """", ""calle"": ""RODRIGUEZ MARTIN"", ""altura"": 712, ""bis"": 0, ""letra"": """", ""piso"": """", ""dpto"": """", ""distrito"": ""Centro"" }, ""geometry"": { ""type"": ""Point"", ""coordinates"": [ -60.658572, -32.941505 ] } }"
2514,Club Banco Provincial de Santa Fe,Club Banc Prov de Santa Fe,4,Recreación y Deportes,7,Clubes,4,Privado,,,Tel. 4813460,VEINTISIETE DE FEBRERO,370,0,,,,Centro,"{ ""type"": ""Feature"", ""properties"": { ""id_lugar"": 2514, ""nombre"": ""Club Banco Provincial de Santa Fe"", ""nombre_corto"": ""Club Banc Prov de Santa Fe"", ""id_lugar_tipo"": 4, ""tipo"": ""Recreación y Deportes"", ""id_lugar_sub_tipo"": 7, ""subtipo"": ""Clubes"", ""id_titular"": 4, ""titular"": ""Privado"", ""fax"": """", ""email"": """", ""telefonos"": ""Tel. 4813460"", ""calle"": ""VEINTISIETE DE FEBRERO"", ""altura"": 370, ""bis"": 0, ""letra"": """", ""piso"": """", ""dpto"": """", ""distrito"": ""Centro"" }, ""geometry"": { ""type"": ""Point"", ""coordinates"": [ -60.633164, -32.969223 ] } }"
2516,Club De Bochas,Club De Bochas,4,Recreación y Deportes,7,Clubes,4,Privado,,,,VEINTISIETE DE FEBRERO,370,0,,,,Centro,"{ ""type"": ""Feature"", ""properties"": { ""id_lugar"": 2516, ""nombre"": ""Club De Bochas"", ""nombre_corto"": ""Club De Bochas"", ""id_lugar_tipo"": 4, ""tipo"": ""Recreación y Deportes"", ""id_lugar_sub_tipo"": 7, ""subtipo"": ""Clubes"", ""id_titular"": 4, ""titular"": ""Privado"", ""fax"": """", ""email"": """", ""telefonos"": """", ""calle"": ""VEINTISIETE DE FEBRERO"", ""altura"": 370, ""bis"": 0, ""letra"": """", ""piso"": """", ""dpto"": """", ""distrito"": ""Centro"" }, ""geometry"": { ""type"": ""Point"", ""coordinates"": [ -60.633164, -32.969223 ] } }"
2517,Club De Jubilados y Pensionados De Rosario,Jubilados y Pensionados De Ros,4,Recreación y Deportes,7,Clubes,4,Privado,,,,SAGUIER,336,0,,,,Centro,"{ ""type"": ""Feature"", ""properties"": { ""id_lugar"": 2517, ""nombre"": ""Club De Jubilados y Pensionados De Rosario"", ""nombre_corto"": ""Jubilados y Pensionados De Ros"", ""id_lugar_tipo"": 4, ""tipo"": ""Recreación y Deportes"", ""id_lugar_sub_tipo"": 7, ""subtipo"": ""Clubes"", ""id_titular"": 4, ""titular"": ""Privado"", ""fax"": """", ""email"": """", ""telefonos"": """", ""calle"": ""SAGUIER"", ""altura"": 336, ""bis"": 0, ""letra"": """", ""piso"": """", ""dpto"": """", ""distrito"": ""Centro"" }, ""geometry"": { ""type"": ""Point"", ""coordinates"": [ -60.644623, -32.939626 ] } }"
2519,Club de Planeadores Rosario,Club de Planeadores,4,Recreación y Deportes,7,Clubes,4,Privado,,info_cprosario@yahoo.com.ar,Tel. 4253148,TUCUMAN,1978,0,,,,Centro,"{ ""type"": ""Feature"", ""properties"": { ""id_lugar"": 2519, ""nombre"": ""Club de Planeadores Rosario"", ""nombre_corto"": ""Club de Planeadores"", ""id_lugar_tipo"": 4, ""tipo"": ""Recreación y Deportes"", ""id_lugar_sub_tipo"": 7, ""subtipo"": ""Clubes"", ""id_titular"": 4, ""titular"": ""Privado"", ""fax"": """", ""email"": ""info_cprosario@yahoo.com.ar"", ""telefonos"": ""Tel. 4253148"", ""calle"": ""TUCUMAN"", ""altura"": 1978, ""bis"": 0, ""letra"": """", ""piso"": """", ""dpto"": """", ""distrito"": ""Centro"" }, ""geometry"": { ""type"": ""Point"", ""coordinates"": [ -60.649104, -32.939480 ] } }"
2520,Club de Residentes Extranjeros,Residentes Extranjeros,4,Recreación y Deportes,7,Clubes,4,Privado,,,,SARMIENTO DOMINGO FAUSTIN,209,0,,,,Centro,"{ ""type"": ""Feature"", ""properties"": { ""id_lugar"": 2520, ""nombre"": ""Club de Residentes Extranjeros"", ""nombre_corto"": ""Residentes Extranjeros"", ""id_lugar_tipo"": 4, ""tipo"": ""Recreación y Deportes"", ""id_lugar_sub_tipo"": 7, ""subtipo"": ""Clubes"", ""id_titular"": 4, ""titular"": ""Privado"", ""fax"": """", ""email"": """", ""telefonos"": """", ""calle"": ""SARMIENTO DOMINGO FAUSTIN"", ""altura"": 209, ""bis"": 0, ""letra"": """", ""piso"": """", ""dpto"": """", ""distrito"": ""Centro"" }, ""geometry"": { ""type"": ""Point"", ""coordinates"": [ -60.636452, -32.940117 ] } }"
2521,Club Deportivo Rosario Morning Star,Rosario Morning Star,4,Recreación y Deportes,7,Clubes,4,Privado,,,,AVELLANEDA NICOLAS,566,0,,,,Centro,"{ ""type"": ""Feature"", ""properties"": { ""id_lugar"": 2521, ""nombre"": ""Club Deportivo Rosario Morning Star"", ""nombre_corto"": ""Rosario Morning Star"", ""id_lugar_tipo"": 4, ""tipo"": ""Recreación y Deportes"", ""id_lugar_sub_tipo"": 7, ""subtipo"": ""Clubes"", ""id_titular"": 4, ""titular"": ""Privado"", ""fax"": """", ""email"": """", ""telefonos"": """", ""calle"": ""AVELLANEDA NICOLAS"", ""altura"": 566, ""bis"": 0, ""letra"": """", ""piso"": """", ""dpto"": """", ""distrito"": ""Centro"" }, ""geometry"": { ""type"": ""Point"", ""coordinates"": [ -60.678684, -32.936358 ] } }"
2522,Club Atlético Libertad,Club Atlético Libertad,4,Recreación y Deportes,7,Clubes,4,Privado,,administracion@clublibertadrosario.com,Tel. 4564751,MORE FELIPE,1150,0,,,,Noroeste,"{ ""type"": ""Feature"", ""properties"": { ""id_lugar"": 2522, ""nombre"": ""Club Atlético Libertad"", ""nombre_corto"": ""Club Atlético Libertad"", ""id_lugar_tipo"": 4, ""tipo"": ""Recreación y Deportes"", ""id_lugar_sub_tipo"": 7, ""subtipo"": ""Clubes"", ""id_titular"": 4, ""titular"": ""Privado"", ""fax"": """", ""email"": ""administracion@clublibertadrosario.com"", ""telefonos"": ""Tel. 4564751"", ""calle"": ""MORE FELIPE"", ""altura"": 1150, ""bis"": 0, ""letra"": """", ""piso"": """", ""dpto"": """", ""distrito"": ""Noroeste"" }, ""geometry"": { ""type"": ""Point"", ""coordinates"": [ -60.693788, -32.941194 ] } }"
2523,Club Federal,Club Federal,4,Recreación y Deportes,7,Clubes,4,Privado,,,,ZEBALLOS DR. ESTANISLAO,4600,0,,,,Centro,"{ ""type"": ""Feature"", ""properties"": { ""id_lugar"": 2523, ""nombre"": ""Club Federal"", ""nombre_corto"": ""Club Federal"", ""id_lugar_tipo"": 4, ""tipo"": ""Recreación y Deportes"", ""id_lugar_sub_tipo"": 7, ""subtipo"": ""Clubes"", ""id_titular"": 4, ""titular"": ""Privado"", ""fax"": """", ""email"": """", ""telefonos"": """", ""calle"": ""ZEBALLOS DR. ESTANISLAO"", ""altura"": 4600, ""bis"": 0, ""letra"": """", ""piso"": """", ""dpto"": """", ""distrito"": ""Centro"" }, ""geometry"": { ""type"": ""Point"", ""coordinates"": [ -60.688086, -32.946292 ] } }"
2524,Club Gutenberg,Club Gutenberg,4,Recreación y Deportes,7,Clubes,4,Privado,,,,GUTENBERG JUAN,904,0,,,,Centro,"{ ""type"": ""Feature"", ""properties"": { ""id_lugar"": 2524, ""nombre"": ""Club Gutenberg"", ""nombre_corto"": ""Club Gutenberg"", ""id_lugar_tipo"": 4, ""tipo"": ""Recreación y Deportes"", ""id_lugar_sub_tipo"": 7, ""subtipo"": ""Clubes"", ""id_titular"": 4, ""titular"": ""Privado"", ""fax"": """", ""email"": """", ""telefonos"": """", ""calle"": ""GUTENBERG JUAN"", ""altura"": 904, ""bis"": 0, ""letra"": """", ""piso"": """", ""dpto"": """", ""distrito"": ""Centro"" }, ""geometry"": { ""type"": ""Point"", ""coordinates"": [ -60.687741, -32.938800 ] } }"
2525,Club Huracán,Club Huracán,4,Recreación y Deportes,7,Clubes,4,Privado,,,Tel. 4486679,PARAGUAY,461,0,,,,Centro,"{ ""type"": ""Feature"", ""properties"": { ""id_lugar"": 2525, ""nombre"": ""Club Huracán"", ""nombre_corto"": ""Club Huracán"", ""id_lugar_tipo"": 4, ""tipo"": ""Recreación y Deportes"", ""id_lugar_sub_tipo"": 7, ""subtipo"": ""Clubes"", ""id_titular"": 4, ""titular"": ""Privado"", ""fax"": """", ""email"": """", ""telefonos"": ""Tel. 4486679"", ""calle"": ""PARAGUAY"", ""altura"": 461, ""bis"": 0, ""letra"": """", ""piso"": """", ""dpto"": """", ""distrito"": ""Centro"" }, ""geometry"": { ""type"": ""Point"", ""coordinates"": [ -60.642592, -32.941532 ] } }"
2526,Yacht Club Rosario,Yacht Club Rosario,4,Recreación y Deportes,7,Clubes,4,Privado,,secretaria@ycr.com.ar,Tel. 4530110,COLOMBRES DR. CARLOS G,1296,0,,,,Norte,"{ ""type"": ""Feature"", ""properties"": { ""id_lugar"": 2526, ""nombre"": ""Yacht Club Rosario"", ""nombre_corto"": ""Yacht Club Rosario"", ""id_lugar_tipo"": 4, ""tipo"": ""Recreación y Deportes"", ""id_lugar_sub_tipo"": 7, ""subtipo"": ""Clubes"", ""id_titular"": 4, ""titular"": ""Privado"", ""fax"": """", ""email"": ""secretaria@ycr.com.ar"", ""telefonos"": ""Tel. 4530110"", ""calle"": ""COLOMBRES DR. CARLOS G"", ""altura"": 1296, ""bis"": 0, ""letra"": """", ""piso"": """", ""dpto"": """", ""distrito"": ""Norte"" }, ""geometry"": { ""type"": ""Point"", ""coordinates"": [ -60.682659, -32.899749 ] } }"
2528,Club Ludueña Sud Olímpico,Club Ludueña Sud,4,Recreación y Deportes,7,Clubes,4,Privado,,,,SANTA FE,4861,0,,,,Centro,"{ ""type"": ""Feature"", ""properties"": { ""id_lugar"": 2528, ""nombre"": ""Club Ludueña Sud Olímpico"", ""nombre_corto"": ""Club Ludueña Sud"", ""id_lugar_tipo"": 4, ""tipo"": ""Recreación y Deportes"", ""id_lugar_sub_tipo"": 7, ""subtipo"": ""Clubes"", ""id_titular"": 4, ""titular"": ""Privado"", ""fax"": """", ""email"": """", ""telefonos"": """", ""calle"": ""SANTA FE"", ""altura"": 4861, ""bis"": 0, ""letra"": """", ""piso"": """", ""dpto"": """", ""distrito"": ""Centro"" }, ""geometry"": { ""type"": ""Point"", ""coordinates"": [ -60.689154, -32.936007 ] } }"
2530,Club Ateneo Infantiles Rosarinos,Ateneo Infantiles Rosarinos,4,Recreación y Deportes,7,Clubes,4,Privado,,,,ROUILLON ALFREDO,2196,0,,,,Oeste,"{ ""type"": ""Feature"", ""properties"": { ""id_lugar"": 2530, ""nombre"": ""Club Ateneo Infantiles Rosarinos"", ""nombre_corto"": ""Ateneo Infantiles Rosarinos"", ""id_lugar_tipo"": 4, ""tipo"": ""Recreación y Deportes"", ""id_lugar_sub_tipo"": 7, ""subtipo"": ""Clubes"", ""id_titular"": 4, ""titular"": ""Privado"", ""fax"": """", ""email"": """", ""telefonos"": """", ""calle"": ""ROUILLON ALFREDO"", ""altura"": 2196, ""bis"": 0, ""letra"": """", ""piso"": """", ""dpto"": """", ""distrito"": ""Oeste"" }, ""geometry"": { ""type"": ""Point"", ""coordinates"": [ -60.701858, -32.954181 ] } }"
2531,Club Policial,Club Policial,4,Recreación y Deportes,7,Clubes,4,Privado,,,,ENTRE RIOS,252,0,,,,Centro,"{ ""type"": ""Feature"", ""properties"": { ""id_lugar"": 2531, ""nombre"": ""Club Policial"", ""nombre_corto"": ""Club Policial"", ""id_lugar_tipo"": 4, ""tipo"": ""Recreación y Deportes"", ""id_lugar_sub_tipo"": 7, ""subtipo"": ""Clubes"", ""id_titular"": 4, ""titular"": ""Privado"", ""fax"": """", ""email"": """", ""telefonos"": """", ""calle"": ""ENTRE RIOS"", ""altura"": 252, ""bis"": 0, ""letra"": """", ""piso"": """", ""dpto"": """", ""distrito"": ""Centro"" }, ""geometry"": { ""type"": ""Point"", ""coordinates"": [ -60.639522, -32.939537 ] } }"
2533,Club Rosarino de Ajedrez,Club Rosarino de Ajedrez,4,Recreación y Deportes,7,Clubes,4,Privado,,,,ROCA PTE. JULIO ARGENTINO,714,0,,,,Centro,"{ ""type"": ""Feature"", ""properties"": { ""id_lugar"": 2533, ""nombre"": ""Club Rosarino de Ajedrez"", ""nombre_corto"": ""Club Rosarino de Ajedrez"", ""id_lugar_tipo"": 4, ""tipo"": ""Recreación y Deportes"", ""id_lugar_sub_tipo"": 7, ""subtipo"": ""Clubes"", ""id_titular"": 4, ""titular"": ""Privado"", ""fax"": """", ""email"": """", ""telefonos"": """", ""calle"": ""ROCA PTE. JULIO ARGENTINO"", ""altura"": 714, ""bis"": 0, ""letra"": """", ""piso"": """", ""dpto"": """", ""distrito"": ""Centro"" }, ""geometry"": { ""type"": ""Point"", ""coordinates"": [ -60.644982, -32.943956 ] } }"
2535,Club Rosario Oeste,Club Rosario Oeste,4,Recreación y Deportes,7,Clubes,4,Privado,,,,DUMONT SANTOS,1431,0,,,,Centro,"{ ""type"": ""Feature"", ""properties"": { ""id_lugar"": 2535, ""nombre"": ""Club Rosario Oeste"", ""nombre_corto"": ""Club Rosario Oeste"", ""id_lugar_tipo"": 4, ""tipo"": ""Recreación y Deportes"", ""id_lugar_sub_tipo"": 7, ""subtipo"": ""Clubes"", ""id_titular"": 4, ""titular"": ""Privado"", ""fax"": """", ""email"": """", ""telefonos"": """", ""calle"": ""DUMONT SANTOS"", ""altura"": 1431, ""bis"": 0, ""letra"": """", ""piso"": """", ""dpto"": """", ""distrito"": ""Centro"" }, ""geometry"": { ""type"": ""Point"", ""coordinates"": [ -60.689771, -32.945280 ] } }"
2537,Club Social y Deportivo El Condor,Club Social y Deportivo Condor,4,Recreación y Deportes,7,Clubes,4,Privado,,,,CAFFERATA JUAN MANUEL,1477,0,,,,Centro,"{ ""type"": ""Feature"", ""properties"": { ""id_lugar"": 2537, ""nombre"": ""Club Social y Deportivo El Condor"", ""nombre_corto"": ""Club Social y Deportivo Condor"", ""id_lugar_tipo"": 4, ""tipo"": ""Recreación y Deportes"", ""id_lugar_sub_tipo"": 7, ""subtipo"": ""Clubes"", ""id_titular"": 4, ""titular"": ""Privado"", ""fax"": """", ""email"": """", ""telefonos"": """", ""calle"": ""CAFFERATA JUAN MANUEL"", ""altura"": 1477, ""bis"": 0, ""letra"": """", ""piso"": """", ""dpto"": """", ""distrito"": ""Centro"" }, ""geometry"": { ""type"": ""Point"", ""coordinates"": [ -60.672888, -32.948890 ] } }"
2538,Club Social y Deportivo El Eslabon,Club El Eslabon,4,Recreación y Deportes,7,Clubes,4,Privado,,,,SARMIENTO DOMINGO FAUSTIN,2041,0,,,,Centro,"{ ""type"": ""Feature"", ""properties"": { ""id_lugar"": 2538, ""nombre"": ""Club Social y Deportivo El Eslabon"", ""nombre_corto"": ""Club El Eslabon"", ""id_lugar_tipo"": 4, ""tipo"": ""Recreación y Deportes"", ""id_lugar_sub_tipo"": 7, ""subtipo"": ""Clubes"", ""id_titular"": 4, ""titular"": ""Privado"", ""fax"": """", ""email"": """", ""telefonos"": """", ""calle"": ""SARMIENTO DOMINGO FAUSTIN"", ""altura"": 2041, ""bis"": 0, ""letra"": """", ""piso"": """", ""dpto"": """", ""distrito"": ""Centro"" }, ""geometry"": { ""type"": ""Point"", ""coordinates"": [ -60.641708, -32.961218 ] } }"
2542,Club Social,Club Social,4,Recreación y Deportes,7,Clubes,4,Privado,,,,SANTA FE,880,0,,,,Centro,"{ ""type"": ""Feature"", ""properties"": { ""id_lugar"": 2542, ""nombre"": ""Club Social"", ""nombre_corto"": ""Club Social"", ""id_lugar_tipo"": 4, ""tipo"": ""Recreación y Deportes"", ""id_lugar_sub_tipo"": 7, ""subtipo"": ""Clubes"", ""id_titular"": 4, ""titular"": ""Privado"", ""fax"": """", ""email"": """", ""telefonos"": """", ""calle"": ""SANTA FE"", ""altura"": 880, ""bis"": 0, ""letra"": """", ""piso"": """", ""dpto"": """", ""distrito"": ""Centro"" }, ""geometry"": { ""type"": ""Point"", ""coordinates"": [ -60.634646, -32.946083 ] } }"
2543,"Club Social ""El Pino""","Club Social ""El Pino""",4,Recreación y Deportes,7,Clubes,4,Privado,,,,FRANCIA,2698,0,,,,Oeste,"{ ""type"": ""Feature"", ""properties"": { ""id_lugar"": 2543, ""nombre"": ""Club Social \""El Pino\"""", ""nombre_corto"": ""Club Social \""El Pino\"""", ""id_lugar_tipo"": 4, ""tipo"": ""Recreación y Deportes"", ""id_lugar_sub_tipo"": 7, ""subtipo"": ""Clubes"", ""id_titular"": 4, ""titular"": ""Privado"", ""fax"": """", ""email"": """", ""telefonos"": """", ""calle"": ""FRANCIA"", ""altura"": 2698, ""bis"": 0, ""letra"": """", ""piso"": """", ""dpto"": """", ""distrito"": ""Oeste"" }, ""geometry"": { ""type"": ""Point"", ""coordinates"": [ -60.671398, -32.963783 ] } }"
2544,"Club Social Y Deportivo ""Buen Orden""","Club  ""Buen Orden""",4,Recreación y Deportes,7,Clubes,4,Privado,,,,ESPAÑA,2117,0,,,,Centro,"{ ""type"": ""Feature"", ""properties"": { ""id_lugar"": 2544, ""nombre"": ""Club Social Y Deportivo \""Buen Orden\"""", ""nombre_corto"": ""Club  \""Buen Orden\"""", ""id_lugar_tipo"": 4, ""tipo"": ""Recreación y Deportes"", ""id_lugar_sub_tipo"": 7, ""subtipo"": ""Clubes"", ""id_titular"": 4, ""titular"": ""Privado"", ""fax"": """", ""email"": """", ""telefonos"": """", ""calle"": ""ESPAÑA"", ""altura"": 2117, ""bis"": 0, ""letra"": """", ""piso"": """", ""dpto"": """", ""distrito"": ""Centro"" }, ""geometry"": { ""type"": ""Point"", ""coordinates"": [ -60.650289, -32.960587 ] } }"
2545,"Club Social y Deportivo ""Yapeyu""","Club ""Yapeyu""",4,Recreación y Deportes,7,Clubes,4,Privado,,,,LIMA,1350,0,,,,Centro,"{ ""type"": ""Feature"", ""properties"": { ""id_lugar"": 2545, ""nombre"": ""Club Social y Deportivo \""Yapeyu\"""", ""nombre_corto"": ""Club \""Yapeyu\"""", ""id_lugar_tipo"": 4, ""tipo"": ""Recreación y Deportes"", ""id_lugar_sub_tipo"": 7, ""subtipo"": ""Clubes"", ""id_titular"": 4, ""titular"": ""Privado"", ""fax"": """", ""email"": """", ""telefonos"": """", ""calle"": ""LIMA"", ""altura"": 1350, ""bis"": 0, ""letra"": """", ""piso"": """", ""dpto"": """", ""distrito"": ""Centro"" }, ""geometry"": { ""type"": ""Point"", ""coordinates"": [ -60.685092, -32.945195 ] } }"
2546,Club Sportivo América,Club Sportivo America,4,Recreación y Deportes,7,Clubes,4,Privado,,,Tel. 4218686,TUCUMAN,2159,0,,,,Centro,"{ ""type"": ""Feature"", ""properties"": { ""id_lugar"": 2546, ""nombre"": ""Club Sportivo América"", ""nombre_corto"": ""Club Sportivo America"", ""id_lugar_tipo"": 4, ""tipo"": ""Recreación y Deportes"", ""id_lugar_sub_tipo"": 7, ""subtipo"": ""Clubes"", ""id_titular"": 4, ""titular"": ""Privado"", ""fax"": """", ""email"": """", ""telefonos"": ""Tel. 4218686"", ""calle"": ""TUCUMAN"", ""altura"": 2159, ""bis"": 0, ""letra"": """", ""piso"": """", ""dpto"": """", ""distrito"": ""Centro"" }, ""geometry"": { ""type"": ""Point"", ""coordinates"": [ -60.651545, -32.939319 ] } }"
2547,Club Sportivo Servando Bayo,Club Sportivo Servando Bayo,4,Recreación y Deportes,7,Clubes,4,Privado,,,,SAN LUIS,4471,0,,,,Centro,"{ ""type"": ""Feature"", ""properties"": { ""id_lugar"": 2547, ""nombre"": ""Club Sportivo Servando Bayo"", ""nombre_corto"": ""Club Sportivo Servando Bayo"", ""id_lugar_tipo"": 4, ""tipo"": ""Recreación y Deportes"", ""id_lugar_sub_tipo"": 7, ""subtipo"": ""Clubes"", ""id_titular"": 4, ""titular"": ""Privado"", ""fax"": """", ""email"": """", ""telefonos"": """", ""calle"": ""SAN LUIS"", ""altura"": 4471, ""bis"": 0, ""letra"": """", ""piso"": """", ""dpto"": """", ""distrito"": ""Centro"" }, ""geometry"": { ""type"": ""Point"", ""coordinates"": [ -60.684849, -32.940910 ] } }"
2548,Club Sportivo Apolo,Club Sportivo Apolo,4,Recreación y Deportes,7,Clubes,4,Privado,,,,APOLO,1918,0,,,,Oeste,"{ ""type"": ""Feature"", ""properties"": { ""id_lugar"": 2548, ""nombre"": ""Club Sportivo Apolo"", ""nombre_corto"": ""Club Sportivo Apolo"", ""id_lugar_tipo"": 4, ""tipo"": ""Recreación y Deportes"", ""id_lugar_sub_tipo"": 7, ""subtipo"": ""Clubes"", ""id_titular"": 4, ""titular"": ""Privado"", ""fax"": """", ""email"": """", ""telefonos"": """", ""calle"": ""APOLO"", ""altura"": 1918, ""bis"": 0, ""letra"": """", ""piso"": """", ""dpto"": """", ""distrito"": ""Oeste"" }, ""geometry"": { ""type"": ""Point"", ""coordinates"": [ -60.673793, -32.953987 ] } }"
2549,Club Unión Sionista Argentino de Rosario,Club Unión Sionista Argentino,4,Recreación y Deportes,7,Clubes,4,Privado,,,Tel. 4302955 - 4392393,SALTA,2555,0,,,,Centro,"{ ""type"": ""Feature"", ""properties"": { ""id_lugar"": 2549, ""nombre"": ""Club Unión Sionista Argentino de Rosario"", ""nombre_corto"": ""Club Unión Sionista Argentino"", ""id_lugar_tipo"": 4, ""tipo"": ""Recreación y Deportes"", ""id_lugar_sub_tipo"": 7, ""subtipo"": ""Clubes"", ""id_titular"": 4, ""titular"": ""Privado"", ""fax"": """", ""email"": """", ""telefonos"": ""Tel. 4302955 - 4392393"", ""calle"": ""SALTA"", ""altura"": 2555, ""bis"": 0, ""letra"": """", ""piso"": """", ""dpto"": """", ""distrito"": ""Centro"" }, ""geometry"": { ""type"": ""Point"", ""coordinates"": [ -60.656384, -32.936006 ] } }"
2550,Club Unión y Gloria,Club Unión y Gloria,4,Recreación y Deportes,7,Clubes,4,Privado,,,,SALTA,2882,0,,,,Centro,"{ ""type"": ""Feature"", ""properties"": { ""id_lugar"": 2550, ""nombre"": ""Club Unión y Gloria"", ""nombre_corto"": ""Club Unión y Gloria"", ""id_lugar_tipo"": 4, ""tipo"": ""Recreación y Deportes"", ""id_lugar_sub_tipo"": 7, ""subtipo"": ""Clubes"", ""id_titular"": 4, ""titular"": ""Privado"", ""fax"": """", ""email"": """", ""telefonos"": """", ""calle"": ""SALTA"", ""altura"": 2882, ""bis"": 0, ""letra"": """", ""piso"": """", ""dpto"": """", ""distrito"": ""Centro"" }, ""geometry"": { ""type"": ""Point"", ""coordinates"": [ -60.660778, -32.934940 ] } }"
2551,Club Unión y Progreso,Club Unión y Progreso,4,Recreación y Deportes,7,Clubes,4,Privado,,,Tel. 4393674,SAN JUAN,3469,0,,,,Centro,"{ ""type"": ""Feature"", ""properties"": { ""id_lugar"": 2551, ""nombre"": ""Club Unión y Progreso"", ""nombre_corto"": ""Club Unión y Progreso"", ""id_lugar_tipo"": 4, ""tipo"": ""Recreación y Deportes"", ""id_lugar_sub_tipo"": 7, ""subtipo"": ""Clubes"", ""id_titular"": 4, ""titular"": ""Privado"", ""fax"": """", ""email"": """", ""telefonos"": ""Tel. 4393674"", ""calle"": ""SAN JUAN"", ""altura"": 3469, ""bis"": 0, ""letra"": """", ""piso"": """", ""dpto"": """", ""distrito"": ""Centro"" }, ""geometry"": { ""type"": ""Point"", ""coordinates"": [ -60.671510, -32.944487 ] } }"
2553,Echesortu Futbol Club,Echesortu Futbol Club,4,Recreación y Deportes,7,Clubes,4,Privado,,,,SAN NICOLAS,1350,0,,,,Centro,"{ ""type"": ""Feature"", ""properties"": { ""id_lugar"": 2553, ""nombre"": ""Echesortu Futbol Club"", ""nombre_corto"": ""Echesortu Futbol Club"", ""id_lugar_tipo"": 4, ""tipo"": ""Recreación y Deportes"", ""id_lugar_sub_tipo"": 7, ""subtipo"": ""Clubes"", ""id_titular"": 4, ""titular"": ""Privado"", ""fax"": """", ""email"": """", ""telefonos"": """", ""calle"": ""SAN NICOLAS"", ""altura"": 1350, ""bis"": 0, ""letra"": """", ""piso"": """", ""dpto"": """", ""distrito"": ""Centro"" }, ""geometry"": { ""type"": ""Point"", ""coordinates"": [ -60.674207, -32.947161 ] } }"
3071,Club 20 Amigos,Club 20 Amigos,4,Recreación y Deportes,7,Clubes,4,Privado,,,Tel. 4325474,MORE FELIPE,3401,0,,,,Oeste,"{ ""type"": ""Feature"", ""properties"": { ""id_lugar"": 3071, ""nombre"": ""Club 20 Amigos"", ""nombre_corto"": ""Club 20 Amigos"", ""id_lugar_tipo"": 4, ""tipo"": ""Recreación y Deportes"", ""id_lugar_sub_tipo"": 7, ""subtipo"": ""Clubes"", ""id_titular"": 4, ""titular"": ""Privado"", ""fax"": """", ""email"": """", ""telefonos"": ""Tel. 4325474"", ""calle"": ""MORE FELIPE"", ""altura"": 3401, ""bis"": 0, ""letra"": """", ""piso"": """", ""dpto"": """", ""distrito"": ""Oeste"" }, ""geometry"": { ""type"": ""Point"", ""coordinates"": [ -60.692510, -32.968161 ] } }"
3181,Club Ateneo Sagrado Corazón,Club Ateneo Sagrado Corazón,4,Recreación y Deportes,7,Clubes,4,Privado,,ateneoclub@hotmail.com,Tel. 4661719,LAGOS OVIDIO,7100,0,,,,Sudoeste,"{ ""type"": ""Feature"", ""properties"": { ""id_lugar"": 3181, ""nombre"": ""Club Ateneo Sagrado Corazón"", ""nombre_corto"": ""Club Ateneo Sagrado Corazón"", ""id_lugar_tipo"": 4, ""tipo"": ""Recreación y Deportes"", ""id_lugar_sub_tipo"": 7, ""subtipo"": ""Clubes"", ""id_titular"": 4, ""titular"": ""Privado"", ""fax"": """", ""email"": ""ateneoclub@hotmail.com"", ""telefonos"": ""Tel. 4661719"", ""calle"": ""LAGOS OVIDIO"", ""altura"": 7100, ""bis"": 0, ""letra"": """", ""piso"": """", ""dpto"": """", ""distrito"": ""Sudoeste"" }, ""geometry"": { ""type"": ""Point"", ""coordinates"": [ -60.680094, -33.021280 ] } }"
3696,Club Calzada Oeste,Club Calzada Oeste,4,Recreación y Deportes,7,Clubes,4,Privado,,,,URUGUAY REPUBLICA ORIENTA,1476,0,,,,Sur,"{ ""type"": ""Feature"", ""properties"": { ""id_lugar"": 3696, ""nombre"": ""Club Calzada Oeste"", ""nombre_corto"": ""Club Calzada Oeste"", ""id_lugar_tipo"": 4, ""tipo"": ""Recreación y Deportes"", ""id_lugar_sub_tipo"": 7, ""subtipo"": ""Clubes"", ""id_titular"": 4, ""titular"": ""Privado"", ""fax"": """", ""email"": """", ""telefonos"": """", ""calle"": ""URUGUAY REPUBLICA ORIENTA"", ""altura"": 1476, ""bis"": 0, ""letra"": """", ""piso"": """", ""dpto"": """", ""distrito"": ""Sur"" }, ""geometry"": { ""type"": ""Point"", ""coordinates"": [ -60.651020, -32.975704 ] } }"
4779,Club Social y Deportivo Fábrica de Armas Domingo Matheu,Club Fábrica de Armas,4,Recreación y Deportes,7,Clubes,4,Privado,,,466-0528,1209,3350,0,,,,Sudoeste,"{ ""type"": ""Feature"", ""properties"": { ""id_lugar"": 4779, ""nombre"": ""Club Social y Deportivo Fábrica de Armas Domingo Matheu"", ""nombre_corto"": ""Club Fábrica de Armas"", ""id_lugar_tipo"": 4, ""tipo"": ""Recreación y Deportes"", ""id_lugar_sub_tipo"": 7, ""subtipo"": ""Clubes"", ""id_titular"": 4, ""titular"": ""Privado"", ""fax"": """", ""email"": """", ""telefonos"": ""466-0528"", ""calle"": ""1209"", ""altura"": 3350, ""bis"": 0, ""letra"": """", ""piso"": """", ""dpto"": """", ""distrito"": ""Sudoeste"" }, ""geometry"": { ""type"": ""Point"", ""coordinates"": [ -60.681662, -32.996533 ] } }"
4833,Dirección de Clubes,Dirección de Clubes,4,Recreación y Deportes,7,Clubes,1,Municipal,,clubes@rosario.gob.ar,4805643/4,LAGOS OVIDIO,2501,0,,,,Centro,"{ ""type"": ""Feature"", ""properties"": { ""id_lugar"": 4833, ""nombre"": ""Dirección de Clubes"", ""nombre_corto"": ""Dirección de Clubes"", ""id_lugar_tipo"": 4, ""tipo"": ""Recreación y Deportes"", ""id_lugar_sub_tipo"": 7, ""subtipo"": ""Clubes"", ""id_titular"": 1, ""titular"": ""Municipal"", ""fax"": """", ""email"": ""clubes@rosario.gob.ar"", ""telefonos"": ""4805643\/4"", ""calle"": ""LAGOS OVIDIO"", ""altura"": 2501, ""bis"": 0, ""letra"": """", ""piso"": """", ""dpto"": """", ""distrito"": ""Centro"" }, ""geometry"": { ""type"": ""Point"", ""coordinates"": [ -60.666162, -32.962463 ] } }"
