Fecha,Horario de Inicio,Horario de Finalización,Lugar,Distrito,Repartición Responsable 1,Repartición Responsable 2,Cantidad Total de Controles,Cantidad Total de Remisiones,Remisiones Autos,Remisiones Motos,Remisiones por Faltante Documentación Vehicular,Remisiones por Faltante Identificación Particular,Remisiones por No Cumplir Condiciones de Seguridad,Remisiones por Falta de Casco,Pedidos de Captura - Detenciones,Link de Imágenes,Observaciones,,,,,,
24/8/16,3:00:00 p. m.,6:01:00 p. m.,Avalos y Baigorria,Distrito Norte,Dirección General de Tránsito,Control Urbano,35,16,,16,13,,2,7,,,"33 controles de alcoholemia, todos negativos. ",,,,,
24/8/16,3:00:00 p. m.,5:01:00 p. m.,Bv. Avellaneda y 3 de Febrero,Distrito Centro,Guardia Urbana Municipal,Dirección General de Tránsito,55,13,,13,,,,,,,,,,,,,
24/8/16,7:00:00 p. m.,9:00:00 p. m.,Bv. Avellaneda y Bv. Segui,Distrito Oeste,Fiscalización del Transporte,Dirección General de Tránsito,45,6,3,3,3,,,,,,3 autos por estacionar en paradas tup,,,,,,
24/8/16,7:00:00 p. m.,9:00:00 p. m.,Av. Bordabehere y San Nicolás,Distrito Centro,Guardia Urbana Municipal,,0,4,,4,,,,,,,la policia llega 50 minutos tarde al lugar,,,,,,
24/8/16,8:00:00 a. m.,2:00:00 p. m.,Reporte Diario DGT,"Distrito Norte, Distrito Noroeste, Distrito Oeste, Distrito Sudoeste, Distrito Sur, Distrito Centro",Dirección General de Tránsito,,0,13,13,0,,,,,,,,
24/8/16,11:00:00 p. m.,1:00:00 a. m.,Av. Carlos Colombres 1500,Distrito Norte,Guardia Urbana Municipal,,4,4,,4,,,,,,,,,,,,,
25/8/16,2:00:00 a. m.,4:00:00 a. m.,Av. Pellegrini y Moreno,Distrito Centro,Dirección General de Tránsito,,39,1,1,0,1,,,,,,"Se observaron licencias de conducir extendidas por las provincias de Entre Ríos, Santa Fé, Córdoba, Bs As ",,,
25/8/16,3:00:00 a. m.,5:00:00 a. m.,Bv. 27 de Febrero y Av. Ovidio Lagos,Distrito Centro,Guardia Urbana Municipal,,0,0,,,,,,,,,,,,,,,
25/8/16,7:00:00 a. m.,2:00:00 p. m.,Reporte Diario DGT,"Distrito Norte, Distrito Noroeste, Distrito Oeste, Distrito Sudoeste, Distrito Sur, Distrito Centro",Dirección General de Tránsito,,11,11,11,,,,,,,,,
25/8/16,3:00:00 p. m.,6:00:00 p. m.,Av. Battle y Ordoñez 1400,Distrito Sur,Dirección General de Tránsito,,40,12,,12,,,,,,,"40 controles de alcoholemia todos negativos. Siniestro vial, moto DGT y una Pick Up particular. Fractura en el hombro del inspector.",,,,,
26/8/16,12:00:00 a. m.,8:00:00 a. m.,Bv. 27 De Febrero 786,Distrito Sur,Dirección General de Tránsito,,45,19,15,4,18,,,,,,1 positivo de alcohlemia,,,,,,
26/8/16,12:00:00 a. m.,8:00:00 a. m.,Santa Fe 1800,Distrito Centro,Dirección General de Tránsito,,45,6,5,1,2,,,,,,4 positivos de alcoholemia,,,,,,
26/8/16,3:00:00 p. m.,6:00:00 p. m.,Av. San Martín 5800,Distrito Sur,Dirección General de Tránsito,Fiscalización del Transporte,100,18,,18,18,3,13,4,,,63 controles de alcohol. Todos negativos,,,,,,
27/8/16,12:00:00 a. m.,8:00:00 a. m.,Urquiza 3200,Distrito Centro,Dirección General de Tránsito,,161,19,17,2,4,,,,,,15 remisiones por alcoholemia,,,,,,
28/8/16,12:00:00 a. m.,8:00:00 a. m.,Salta y Pueyrredón,Distrito Centro,Dirección General de Tránsito,,74,12,11,1,5,,,,,,7 alcoholemia positivos,,,,,,
28/8/16,12:00:00 a. m.,8:00:00 a. m.,Santa Fe 1800,Distrito Centro,Dirección General de Tránsito,,69,12,12,,1,,,,,,11 alcoholemia positivos,,,,,,
28/8/16,8:00:00 a. m.,8:00:00 p. m.,Reporte Diario DGT,"Distrito Norte, Distrito Noroeste, Distrito Oeste, Distrito Sudoeste, Distrito Sur, Distrito Centro",Dirección General de Tránsito,,3,3,,3,,,,,,,,
28/8/16,8:00:00 a. m.,8:00:00 p. m.,Av. Provincias Unidas y Bv. 27 de Febrero,Distrito Oeste,Guardia Urbana Municipal,,4,4,,4,,,,,1,,1 detenido por intentar darse a la fuga y resistirse a la remisión del vehículo,,,,,,
28/8/16,7:00:00 p. m.,1:00:00 a. m.,Reporte Diario DGT,"Distrito Norte, Distrito Noroeste, Distrito Oeste, Distrito Sudoeste, Distrito Sur, Distrito Centro",Dirección General de Tránsito,,5,5,,5,5,,5,,,,,
28/8/16,11:00:00 p. m.,1:00:00 a. m.,Bv. Avellaneda y Génova,Distrito Norte,Guardia Urbana Municipal,,53,3,,3,3,,,,,,53 controles de alcoholemia negativos,,,,,,
28/8/16,7:00:00 p. m.,12:00:00 a. m.,Reporte Diario,"Distrito Norte, Distrito Noroeste, Distrito Oeste, Distrito Sudoeste, Distrito Sur, Distrito Centro",Fiscalización del Transporte,,75,6,6,,6,,,,,,75 controles de alcoholemia negativos,
29/8/16,3:00:00 a. m.,5:00:00 a. m.,Av. Pellegrini y Moreno,Distrito Centro,Guardia Urbana Municipal,,14,0,,,,,,,,,6 controles de alcoholemia negativos,,,,,,
29/8/16,9:00:00 a. m.,12:00:00 p. m.,Av. Uriburu y Ayacucho,Distrito Sur,Guardia Urbana Municipal,,16,16,2,14,,,,,,,,,,,,,
29/8/16,7:00:00 a. m.,2:00:00 p. m.,Reporte Diario DGT,"Distrito Norte, Distrito Noroeste, Distrito Oeste, Distrito Sudoeste, Distrito Sur, Distrito Centro",Dirección General de Tránsito,,18,18,18,,,,,,,,,
29/8/16,9:00:00 a. m.,12:00:00 p. m.,Av. Abanderado Grandoli 3900,Distrito Sur,Dirección General de Tránsito,,72,9,,9,9,,9,9,,,72 controles de alcoholemia negativos,,,,,,
29/8/16,9:00:00 p. m.,12:00:00 a. m.,Bv. Segui 5300,Distrito Oeste,Fiscalización del Transporte,Guardia Urbana Municipal,12,12,1,11,,,,,,,,,,,,,
29/8/16,7:00:00 p. m.,10:00:00 p. m.,Irigoyen y Carhué,Distrito Norte,Dirección General de Tránsito,,25,10,,10,2,2,5,1,,,,,,,,,
30/8/16,9:00:00 a. m.,1:00:00 p. m.,Baigorria y Molina,Distrito Norte,Dirección General de Tránsito,Fiscalización del Transporte,122,18,3,15,9,9,9,,,,72 controles alcoholemia negativos,,,,,,
30/8/16,9:00:00 a. m.,12:00:00 p. m.,Baigorria y Av. Casiano Casas,Distrito Norte,Guardia Urbana Municipal,,13,13,,13,,,,,,,,,,,,,
30/8/16,4:00:00 p. m.,8:00:00 p. m.,Av. Génova y Av. Alberdi,Distrito Norte,Guardia Urbana Municipal,,227,23,2,21,,,,,,,,,,,,,
30/8/16,2:00:00 p. m.,8:00:00 p. m.,Baigorria y Av. Casiano Casas,Distrito Norte,Dirección General de Tránsito,,69,14,1,13,4,2,5,2,,,,,,,,,
30/8/16,9:00:00 a. m.,12:00:00 p. m.,Mitre 1900,Distrito Centro,Fiscalización del Transporte,Control Urbano,98,15,2,13,,,,,,,,,,,,,
31/8/16,9:00:00 a. m.,12:00:00 p. m.,Av. San Martín 6600,Distrito Sur,Guardia Urbana Municipal,,64,18,2,16,,,,,,,,,,,,,
31/8/16,9:00:00 a. m.,12:00:00 p. m.,Av. Battle y Ordoñez y España,Distrito Sur,Dirección General de Tránsito,,40,12,,12,,,,,,,,,,,,,
31/8/16,4:00:00 p. m.,8:00:00 p. m.,Garibaldi y Av. Ovidio Lagos,Distrito Sudoeste,Guardia Urbana Municipal,,221,24,2,22,,,,,,,,,,,,,
31/8/16,6:00:00 p. m.,8:00:00 p. m.,Av. San Martin y Arijon ,Distrito Sur,Control Urbano,,1,1,0,1,0,0,0,0,2,,Dos sospechosos en motos son detenidos y con el 911 trasladados a la seccional 15. Una señora realiza la denuncia de robo. son encontrados con una cartera en su poder,,,,,,
1/9/16,10:00:00 a. m.,12:00:00 p. m.,San Luis 3500,Distrito Centro,Guardia Urbana Municipal,,11,11,,11,,,,,1,,,,,,,,
1/9/16,11:00:00 a. m.,2:00:00 p. m.,Mendoza y Perú,Distrito Noroeste,Fiscalización del Transporte,,35,1,1,,1,,1,,,,La remisión fue de un taxi,,,,,,
1/9/16,4:00:00 p. m.,7:00:00 p. m.,Acevedo y Bv. Francia,Distrito Sudoeste,Guardia Urbana Municipal,,273,33,2,31,,,,,1,,Detenido por intento de fuga. La moto tenía pedido de captura y los perfiles de los motociclistas coincidían con los autores de un robo calificado.,,,,,,
1/9/16,8:00:00 a. m.,4:00:00 p. m.,Zona Shopping,Distrito Norte,Fiscalización del Transporte,,40,1,1,,1,,,,,,25 controles de alcoholemia negativos,,,,,,
2/9/16,9:00:00 a. m.,12:00:00 p. m.,Av. San Martín y Virasoro,Distrito Sur,Fiscalización del Transporte,Guardia Urbana Municipal,41,7,2,5,3,,2,1,,,,,,,,,
2/9/16,2:00:00 p. m.,5:00:00 p. m.,Juan B. Justo y Bv. Rondeau,Distrito Norte,Fiscalización del Transporte,,30,0,,,,,,,,,,,,,,,
2/9/16,3:00:00 p. m.,8:00:00 p. m.,Reporte Fiscalización,"Distrito Norte, Distrito Noroeste, Distrito Oeste, Distrito Sudoeste, Distrito Sur, Distrito Centro",Fiscalización del Transporte,,42,3,3,,,,,,,,1 mal estacionado y 2 por ser remises ilegales,
2/9/16,7:00:00 p. m.,10:00:00 p. m.,Caferatta y Córdoba,Distrito Centro,Guardia Urbana Municipal,,50,16,4,12,,,,,,,,,,,,,
2/9/16,11:00:00 p. m.,2:00:00 a. m.,Mendoza y Bv. Avellaneda,Distrito Centro,Guardia Urbana Municipal,Fiscalización del Transporte,45,15,10,5,,,,,,,4 alcoholemia positivos,,,,,,
3/9/16,9:00:00 a. m.,12:00:00 p. m.,Av. San Martín y Arijón,Distrito Sur,Fiscalización del Transporte,Guardia Urbana Municipal,75,13,3,10,6,,4,,,,,,,,,,
3/9/16,10:00:00 a. m.,10:00:00 p. m.,Av. San Martin y Arijon ,Distrito Sur,Guardia Urbana Municipal,,20,23,6,17,0,0,0,0,1,,,,,,,,
4/9/16,1:00:00 a. m.,4:00:00 a. m.,Reporte Diario Fiscalización,"Distrito Norte, Distrito Noroeste, Distrito Oeste, Distrito Sudoeste, Distrito Sur, Distrito Centro",Fiscalización del Transporte,Guardia Urbana Municipal,53,5,5,0,1,,,,,,4 controles de alcoholemia positivas,
4/9/16,2:00:00 p. m.,8:00:00 p. m.,Pintor Musto y Av. Eudoro Carrasco,Distrito Norte,Dirección General de Tránsito,Guardia Urbana Municipal,11,8,0,8,8,0,0,0,0,,Fueron remitidos los vehículos por generar inconvenientes en el entorno a partir de su circulación irresponsable,,,,,,
5/9/16,8:00:00 a. m.,8:00:00 p. m.,Reporte Diario Fiscalización,"Distrito Norte, Distrito Noroeste, Distrito Oeste, Distrito Sudoeste, Distrito Sur, Distrito Centro",Fiscalización del Transporte,,91,3,2,1,,,,,,,"1 test de alcoholemia negativo, 2 remisiones por remisse ilegal"
6/9/16,8:00:00 a. m.,8:00:00 p. m.,Caferata y Córdoba,Distrito Centro,Fiscalización del Transporte,,42,2,2,0,,,,,,,,,,,,,
6/9/16,6:00:00 p. m.,9:00:00 p. m.,Humberto Primo y Carriego,Distrito Noroeste,Fiscalización del Transporte,,51,9,0,9,5,,,3,,,"15 controles de alcoholemia, 1 positivo",,,,,
7/9/16,8:00:00 a. m.,11:00:00 a. m.,Riobamba y Av. Provincias Unidas,Distrito Oeste,Fiscalización del Transporte,Dirección General de Tránsito,59,1,1,0,,,,,,,Taxi con falta de verificación técnica,,,,,,
7/9/16,4:00:00 p. m.,6:00:00 p. m.,Nechochea 1900,Distrito Centro,Guardia Urbana Municipal,Fiscalización del Transporte,151,33,7,26,,,,,,,"9 controles de alcoholemia negativos, 4 detenidos por intentar fugarse, no tienen documentación de los rodados",,,,
8/9/16,8:00:00 a. m.,8:00:00 p. m.,Cordoba 3845,Distrito Centro,Fiscalización del Transporte,,22,0,0,0,,,,,,,,,,,,,
8/9/16,7:30:00 p. m.,9:30:00 p. m.,Caferatta y 3 de febrero,Distrito Centro,Guardia Urbana Municipal,,4,4,0,4,,,,,,,Se levanta operativo por falta de presencia policial,,,,,,
8/9/16,11:00:00 p. m.,1:00:00 a. m.,Av. Pellegrini y Dorrego,Distrito Centro,Guardia Urbana Municipal,,47,7,1,6,,,,,,,Participaron las TOE,,,,,,
8/9/16,8:00:00 a. m.,11:00:00 a. m.,Mendoza 5100,Distrito Noroeste,Fiscalización del Transporte,,41,12,0,12,11,,,1,,,,,,,,,
8/9/16,9:00:00 a. m.,12:00:00 p. m.,Mendoza y Parana,Distrito Noroeste,Guardia Urbana Municipal,Fiscalización del Transporte,26,26,3,23,0,0,0,0,3,,3 detenidos. 1 mujer por conducir una moto con pedido de captura y dos por averiguacion de antecedentes penales positivos.,,,,,,
8/9/16,3:00:00 p. m.,5:00:00 p. m.,Bv. Francia y Brown,Distrito Centro,Guardia Urbana Municipal,Fiscalización del Transporte,7,7,0,7,7,0,0,0,0,,Poca Presencia Policial,,,,,,
8/9/16,9:00:00 a. m.,12:00:00 p. m.,Urquiza y Bv. Francia,Distrito Centro,Fiscalización del Transporte,,32,4,0,4,4,0,0,0,0,,,,,,,,
9/9/16,12:00:00 a. m.,8:00:00 a. m.,Av. Pellegrini y Balcarce,Distrito Centro,Dirección General de Tránsito,,105,23,21,2,16,0,0,0,0,,"7 positivos de alcoholemia. Máximo de 2,45",,,,,
9/9/16,8:00:00 a. m.,10:00:00 a. m.,Bv. Avellaneda 3800,Distrito Oeste,Fiscalización del Transporte,Dirección General de Tránsito,22,7,0,7,7,0,0,0,0,,,,,,,,
9/9/16,9:00:00 a. m.,12:00:00 p. m.,Corrientes 2900,Distrito Sur,Guardia Urbana Municipal,,95,14,2,12,13,0,0,0,1,,Remise Ilegal,,,,,,
9/9/2016,3:00:00 p. m.,5:00:00 p. m.,Portugal y Rondeau,Distrito Norte,Guardia Urbana Municipal,,12,12,0,12,12,,,,,,,,,,,,
9/9/2016,7:30:00 p. m.,9:30:00 p. m.,Av. Ovidio Lagos y La Paz,Distrito Centro,Guardia Urbana Municipal,Fiscalización del Transporte,131,20,7,13,14,,,,,,3 remisiones de remises ilegales,,,,,,
10/9/2016,1:00:00 a. m.,4:00:00 a. m.,Av. Eudoro Carrasco y Martín Fierro,Distrito Norte,Dirección General de Tránsito,Guardia Urbana Municipal,600,106,53,53,,,,,1,,"400 controles de alcoholemia, 7 positivos, 1 moto abandonada con pedido de captura",,,,
11/9/2016,1:00:00 a. m.,6:00:00 a. m.,Av. Pellegrini y Riccheri,Distrito Centro,Fiscalización del Transporte,,64,3,3,,,,,,,,,,,,,,
11/9/2016,12:00:00 a. m.,8:00:00 a. m.,Vera Mujica y Urquiza,Distrito Centro,Dirección General de Tránsito,,64,9,7,2,1,,,,,,"64 controles de alcoholemia, 8 positivos",,,,,
11/9/2016,12:00:00 a. m.,8:00:00 a. m.,Dorrego y Santa Fe,Distrito Centro,Dirección General de Tránsito,,19,4,4,,,,,,,,"19 controles de alcoholemia, 4 positivos ",,,,,
13/9/2016,4:00:00 p. m.,6:00:00 p. m.,Bv. Segui y Matienzo,Distrito Oeste,Guardia Urbana Municipal,,120,29,2,27,,,,,,,,,,,,,
13/9/2016,9:00:00 a. m.,12:00:00 p. m.,Sarmiento y Ituzaingo,Distrito Centro,Guardia Urbana Municipal,,13,13,4,9,,,,,2,,,,,,,,
13/9/2016,9:00:00 a. m.,12:00:00 p. m.,Av. San Martín y Virasoro,Distrito Sur,Dirección General de Tránsito,,43,8,,8,8,,,,,,,,,,,,
13/9/2016,8:00:00 a. m.,4:00:00 p. m.,Reporte Diario DGT,"Distrito Norte, Distrito Noroeste, Distrito Oeste, Distrito Sudoeste, Distrito Sur, Distrito Centro",Dirección General de Tránsito,,8,8,8,,,,,,,,,
13/9/2016,7:30:00 p. m.,9:30:00 p. m.,Av. Mendoza y Mexico,Distrito Noroeste,Guardia Urbana Municipal,,120,22,,22,,,,,,,,,,,,,
13/9/2016,3:00:00 p. m.,6:00:00 p. m.,Av. Pellegrini y Laprida,Distrito Centro,Dirección General de Tránsito,,59,12,,12,11,,,1,,,,,,,,,
13/9/2016,8:00:00 p. m.,10:00:00 p. m.,Santa Fe y Paraná,Distrito Noroeste,Dirección General de Tránsito,Control Urbano,57,15,,15,,,,,,,,,,,,,
14/9/2016,5:00:00 p. m.,7:00:00 p. m.,San Luis y Constitucion,Distrito Centro,Guardia Urbana Municipal,,10,10,2,8,,,,,,,,,,,,,
14/9/2016,8:00:00 a. m.,1:00:00 p. m.,Av. Mendoza y Donado,Distrito Noroeste,Fiscalización del Transporte,Dirección General de Tránsito,64,1,,1,,,,,,,,,,,,,
14/9/2016,7:00:00 a. m.,2:00:00 p. m.,Reporte Diario DGT,"Distrito Norte, Distrito Noroeste, Distrito Oeste, Distrito Sudoeste, Distrito Sur, Distrito Centro",Dirección General de Tránsito,,13,13,13,,,,,,,,,
14/9/2016,3:00:00 p. m.,6:00:00 p. m.,Av. Nuestra Señora del Rosario y Bermúdez,Distrito Sur,Dirección General de Tránsito,,72,21,4,17,7,,7,14,,,,,,,,,
14/9/2016,7:30:00 p. m.,9:30:00 p. m.,Salta e Iriondo,Distrito Centro,Guardia Urbana Municipal,,71,14,1,13,,,,,,,,,,,,,
14/9/2016,8:00:00 p. m.,10:00:00 p. m.,Sarmiento y Av. Uriburu,Distrito Sur,Dirección General de Tránsito,,42,13,8,5,,,,,,,,,,,,,
15/9/2016,9:00:00 a. m.,12:00:00 p. m.,Bv. 27 de febrero y Buenos Aires,Distrito Sur,Fiscalización del Transporte,Guardia Urbana Municipal,23,3,3,,,,,,,,,,,,,,
15/9/2016,10:00:00 a. m.,1:00:00 p. m.,Av. Battle y Ordoñez y España,Distrito Sur,Guardia Urbana Municipal,,60,14,2,12,,,,,,,,,,,,,
15/9/2016,7:00:00 p. m.,9:00:00 p. m.,Caferatta y 3 de febrero,Distrito Centro,Guardia Urbana Municipal,,60,12,0,12,0,,,,,,,,,,,,
15/9/2016,8:00:00 a. m.,10:00:00 a. m.,Bv. Avellaneda 4200,Distrito Oeste,Fiscalización del Transporte,Dirección General de Tránsito,26,2,1,1,2,,,,,,,,,,,,
15/9/2016,7:00:00 a. m.,2:00:00 p. m.,Reporte Diario DGT,"Distrito Norte, Distrito Noroeste, Distrito Oeste, Distrito Sudoeste, Distrito Sur, Distrito Centro",Dirección General de Tránsito,,18,18,18,,,,,,,,,
15/9/2016,3:00:00 p. m.,6:00:00 p. m.,Génova y Av. Provincias Unidas,Distrito Noroeste,Dirección General de Tránsito,,49,12,,12,,,,11,,,,,,,,,
15/9/2016,8:00:00 p. m.,10:00:00 p. m.,Sarmiento y Ameghino,Distrito Sur,Dirección General de Tránsito,,37,14,,14,10,2,,2,,,,,,,,,
15/9/2016,8:00:00 p. m.,10:00:00 p. m.,Bv. Avellaneda 4200,Distrito Sudoeste,Dirección General de Tránsito,Control Urbano,29,29,5,24,,,,,4,,"4 detenidos, uno con causa y tres por averiguaciones de antecedentes. Una moto secuestrada con pedido de captura y dos caballos con sus carros remitidos.",,,,,
16/9/2016,12:00:00 a. m.,8:00:00 a. m.,Av. Pellegrini y Balcarce,Distrito Centro,Dirección General de Tránsito,,210,21,19,2,12,,,,,,Alcoholemia positiva: 6,,,,,,
16/9/2016,10:00:00 a. m.,1:00:00 p. m.,Tucuman y Francia,Distrito Centro,Fiscalización del Transporte,,26,0,,,,,,,,,,,,,,,
16/9/2016,9:00:00 a. m.,12:00:00 p. m.,Reporte diario Fiscalizacion,"Distrito Norte, Distrito Noroeste, Distrito Oeste, Distrito Sudoeste, Distrito Sur, Distrito Centro",Fiscalización del Transporte,,16,2,2,,,,,,,,,
17/9/2016,12:00:00 a. m.,8:00:00 a. m.,Riccheri y Urquiza,Distrito Centro,Dirección General de Tránsito,,90,8,8,,3,,,,,,Alcoholemia positiva: 5,,,,,,
17/9/2016,12:00:00 a. m.,8:00:00 a. m.,Sarmiento y Pasco,Distrito Centro,Dirección General de Tránsito,,14,6,6,,1,,,,,,Alcoholemia positiva: 5,,,,,,
17/9/2016,2:00:00 p. m.,5:00:00 p. m.,Av. Ovidio Lagos 6800,Distrito Sudoeste,Dirección General de Tránsito,,90,21,7,14,3,,,7,,,6 motos sin patente,,,,,,
17/9/2016,10:00:00 p. m.,6:00:00 a. m.,Reporte diario Fiscalización,"Distrito Norte, Distrito Noroeste, Distrito Oeste, Distrito Sudoeste, Distrito Sur, Distrito Centro",Fiscalización del Transporte,Guardia Urbana Municipal,116,11,9,2,,,,,,,,
17/9/2016,12:09:00 a. m.,12:00:00 p. m.,Galvez 700,Distrito Sur,Fiscalización del Transporte,,16,2,2,,2,,,,,,,,,,,,
18/9/2016,12:00:00 a. m.,8:00:00 a. m.,Salta y Dorrego,Distrito Centro,Dirección General de Tránsito,,117,11,11,,3,,,,,,Alcoholemia positiva: 8,,,,,,
18/9/2016,12:00:00 a. m.,8:00:00 a. m.,España y Cochabamba,Distrito Centro,Dirección General de Tránsito,,30,5,5,,,,,,,,Alcoholemia positiva: 5,,,,,,
18/9/2016,3:00:00 p. m.,5:00:00 p. m.,Alsina y Rioja,Distrito Centro,Guardia Urbana Municipal,Fiscalización del Transporte,75,13,,13,,,,,,,,,,,,,
18/9/2016,2:00:00 p. m.,8:00:00 p. m.,Pintor Musto y Iturraspe,Distrito Norte,Guardia Urbana Municipal,Dirección General de Tránsito,10,10,3,7,,,,,,,,,,,,,
18/9/2016,11:00:00 p. m.,2:00:00 a. m.,Av. Pellegrini y Riccheri,Distrito Centro,Guardia Urbana Municipal,Fiscalización del Transporte,7,7,5,2,,,,,,,,,,,,,
19/9/2016,9:00:00 a. m.,12:00:00 p. m.,Bv. Francia y Urquiza,Distrito Centro,Guardia Urbana Municipal,Fiscalización del Transporte,70,15,4,11,,,,,,,,,,,,,
19/9/2016,8:00:00 a. m.,11:00:00 a. m.,Reporte diario fiscalizaion,"Distrito Norte, Distrito Noroeste, Distrito Oeste, Distrito Sudoeste, Distrito Sur, Distrito Centro",Fiscalización del Transporte,,14,2,2,,,,,,,,,
19/9/2016,12:00:00 p. m.,5:00:00 p. m.,Cordoba 1380,Distrito Centro,Guardia Urbana Municipal,,1,0,,,,,,,1,,1 detenido que se encontraba delinquiendo en sport 78,,,,,,
19/9/2016,12:00:00 p. m.,8:00:00 p. m.,Nansen 300,Distrito Norte,Fiscalización del Transporte,,50,4,4,,,,,,,,1 remises ilegal,,,,,,
19/9/2016,7:30:00 p. m.,9:30:00 p. m.,Av. Ovidio Lagos y La Paz,Distrito Centro,Guardia Urbana Municipal,,63,11,0,11,,,,,,,,,,,,,
20/9/2016,9:00:00 a. m.,12:00:00 p. m.,zona total,"Distrito Norte, Distrito Noroeste, Distrito Oeste, Distrito Sudoeste, Distrito Sur, Distrito Centro",Fiscalización del Transporte,,34,4,4,,,,,,,,1 transporte escolar no habilitado,
20/9/2016,9:00:00 a. m.,12:00:00 p. m.,Av. San Martín y Ayolas,Distrito Sur,Guardia Urbana Municipal,,127,26,4,22,,,,,1,,1 detenido y moto remitida por pedido de secuestro.,,,,,,
20/9/2016,4:00:00 p. m.,6:00:00 p. m.,Bv. Seguí y Rouillon,Distrito Oeste,Guardia Urbana Municipal,,20,20,2,18,,,,,,,,,,,,,
20/9/2016,3:00:00 p. m.,6:00:00 p. m.,Bv. Seguí y Mitre,Distrito Centro,Dirección General de Tránsito,,57,17,0,17,14,,,3,,,,,,,,,
20/9/2016,7:00:00 p. m.,9:00:00 p. m.,Av. Colombres y Vila,Distrito Norte,Fiscalización del Transporte,,93,1,1,,,,,,,,1 remis trucho,,,,,,
20/9/2016,8:00:00 p. m.,10:00:00 p. m.,Av. Colombres 1002,Distrito Norte,Dirección General de Tránsito,,95,8,6,2,,,,,,,Alcoholemia positiva: 0,,,,,,
21/9/2016,9:00:00 a. m.,1:00:00 p. m.,Av. Colombres 2000,Distrito Norte,Dirección General de Tránsito,,43,8,2,6,6,,2,,,,"14 controles de alcoholemia, todos negativos",,,,,
21/9/2016,10:00:00 a. m.,12:30:00 p. m.,Rioja 400,Distrito Centro,Dirección General de Tránsito,,38,4,0,4,2,,2,,,,,,,,,,
21/9/2016,12:30:00 p. m.,8:30:00 p. m.,Rioja 400,Distrito Centro,Dirección General de Tránsito,,207,40,6,34,,,,,,,"145 controles de alcoholemia, todos negativos",,,,,
21/9/2016,6:00:00 p. m.,8:30:00 p. m.,Av. Del Huerto 1000,Distrito Centro,Fiscalización del Transporte,,58,3,2,1,3,,,,,,"15 controles de alcoholemia, todos negativos",,,,,
21/9/2016,2:00:00 p. m.,8:00:00 p. m.,Av. Colombres 2000,Distrito Norte,Dirección General de Tránsito,,160,19,2,17,,,,,,,,,,,,,
21/9/2016,9:00:00 a. m.,11:00:00 a. m.,B. Rivadavia 2500,Distrito Centro,Fiscalización del Transporte,Guardia Urbana Municipal,97,34,3,31,5,,,,,,Decomiso de pescado,,,,,,
21/9/2016,9:00:00 a. m.,12:00:00 p. m.,Bv. Seguí y Matienzo,Distrito Oeste,Dirección General de Tránsito,,60,23,1,22,,,,,,,"Alcoholemia positiva: 1 (2,35 de graduación)",,,,,
21/9/2016,7:30:00 p. m.,9:30:00 p. m.,Bv. Avellaneda y Mendoza ,Distrito Centro,Guardia Urbana Municipal,Fiscalización del Transporte,180,29,4,25,,,,,,,"6 controles de alcoholemia. 1 positivo (0,51 - moto)",,,,,
22/9/2016,6:00:00 p. m.,9:00:00 p. m.,Av. Casiano Casas y Av. Sorrento,Distrito Norte,Control Urbano,Direccion General de Transito ,59,17,0,17,5,,5,,,,,,,,,,
22/9/2016,3:00:00 p. m.,6:00:00 p. m.,Isola 77,Distrito Sur,Dirección General de Tránsito,,56,2,,2,,,,,,,,,,,,,
23/9/2016,12:00:00 p. m.,6:00:00 p. m.,Av. Del Huerto 1000,Distrito Centro,Fiscalización del Transporte,,53,3,3,0,,,3,,,,,,,,,,
23/9/2016,12:00:00 a. m.,6:00:00 a. m.,Av. Pellegrini y Balcarce,Distrito Centro,Dirección General de Tránsito,,80,10,10,,8,,,,,,Alcoholemia positiva: 2,,,,,,
23/9/2016,12:00:00 a. m.,6:00:00 a. m.,Montevideo y Av. Ovidio Lagos,Distrito Centro,Dirección General de Tránsito,,40,4,4,,2,,,,,,Alcoholemia positiva: 2,,,,,,
23/9/2016,9:00:00 a. m.,11:00:00 a. m.,Reporte diario Fiscalizacion,"Distrito Norte, Distrito Noroeste, Distrito Oeste, Distrito Sudoeste, Distrito Sur, Distrito Centro",Fiscalización del Transporte,,10,1,1,,,,,,,,Remis ilegal,
23/9/2016,9:00:00 a. m.,12:00:00 p. m.,Battle y Ordóñez 1200,Distrito Sur,Fiscalización del Transporte,Guardia Urbana Municipal,56,19,2,17,,,,,,,,,,,,,
23/9/2016,12:00:00 p. m.,3:00:00 p. m.,Battle y Ordóñez y España,Distrito Sur,Dirección General de Tránsito,,56,5,,5,5,,,,,,"15 controles de alcoholemia, todo negativos",,,,,
23/9/2016,2:00:00 p. m.,5:00:00 p. m.,Av. San Martín y Arijon,Distrito Sur,Fiscalización del Transporte,,78,10,,10,,,,,,,,,,,,,
23/9/2016,3:00:00 p. m.,6:00:00 p. m.,Av. Del Rosario y Flamarion,Distrito Sur,Dirección General de Tránsito,,93,16,2,14,13,,,8,,,5 sin patente,,,,,,
23/9/2016,7:00:00 p. m.,9:00:00 p. m.,Reporte diario Fiscalizacion,Distrito Norte,Fiscalización del Transporte,,25,3,3,,,,,,,,,,,,,,
24/9/2016,12:00:00 a. m.,1:00:00 a. m.,Av. Pellegrini y Riccheri,Distrito Centro,Fiscalización del Transporte,Guardia Urbana Municipal,38,2,2,,,,,,,,"38 controles de alcoholemia, todos negativos",,,,,
24/9/2016,12:00:00 a. m.,8:00:00 a. m.,Urquiza y Vera Mujica,Distrito Centro,Dirección General de Tránsito,,69,7,7,,3,,,,,,Alcoholemia positiva: 4,,,,,,
24/9/2016,12:00:00 a. m.,8:00:00 a. m.,Rioja y Mitre,Distrito Centro,Dirección General de Tránsito,,1,1,1,,,,,,,,Alcoholemia positiva: 1,,,,,,
25/9/2016,12:00:00 a. m.,8:00:00 a. m.,Av. Caseros 1400,Distrito Norte,Dirección General de Tránsito,,97,7,7,,3,,,,,,Alcoholemia positiva: 4,,,,,,
25/9/2016,12:00:00 a. m.,8:00:00 a. m.,Santa Fe y Suipacha,Distrito Centro,Dirección General de Tránsito,,28,12,12,,1,,,,,,Alcoholemia positiva: 1,,,,,,
25/9/2016,12:00:00 a. m.,8:00:00 a. m.,Corrientes y Ocampo,Distrito Centro,Fiscalización del Transporte,Guardia Urbana Municipal,94,3,,3,3,,,,,,"77 controles de alcoholemia, todos negativos",,,,,
25/9/2016,12:00:00 a. m.,8:00:00 a. m.,Reporte diario Gum,"Distrito Norte, Distrito Noroeste, Distrito Oeste, Distrito Sudoeste, Distrito Sur, Distrito Centro",Guardia Urbana Municipal,,5,5,5,,5,,,,,,,
25/9/2016,2:00:00 p. m.,6:00:00 p. m.,Av. Eudoro Carrasco 4301,Distrito Norte,Dirección General de Tránsito,,40,9,5,4,,,,,,,,,,,,,
26/9/2016,9:00:00 a. m.,12:00:00 p. m.,Thompson y Grandoli,Distrito Sur,Guardia Urbana Municipal,Fiscalización del Transporte,53,12,2,10,,,,,,,,,,,,,
26/9/2016,3:00:00 p. m.,5:00:00 p. m.,Junin  y Formosa ,Distrito Noroeste,Guardia Urbana Municipal,Fiscalización del Transporte,8,8,2,6,,,,,,,poco personal policial,,,,,,
26/9/2016,7:00:00 p. m.,9:00:00 p. m.,Donado y Morrison,Distrito Noroeste,Guardia Urbana Municipal,Fiscalización del Transporte,86,13,,13,,,,,,,,,,,,,
26/9/2016,9:30:00 a. m.,12:30:00 p. m.,Juan José Paso y Sarratea,Distrito Noroeste,Dirección General de Tránsito,,17,8,0,8,8,,8,,,,,,,,,,
26/9/2016,4:00:00 p. m.,6:00:00 p. m.,Abanderado Grandoli y Güiraldes,Distrito Sur,Dirección General de Tránsito,,52,12,0,12,12,,,5,,,8 motos sin patentes,,,,,,
26/9/2016,8:00:00 p. m.,10:00:00 p. m.,Mendoza y Brasil,Distrito Noroeste,Dirección General de Tránsito,,28,4,0,4,,,,,,,,,,,,,
27/9/2016,1:00:00 a. m.,1:30:00 a. m.,Italia y virasoro,Distrito Centro,Control Urbano,,1,0,,,,,,,,,Móvil de Control Urbano es requerido por vecinos y realiza seguimiento a un sospechoso por robo de autos. Se comunica al 911 y espera su presencia. Se detiene al mismo portando un garrote y elementos contundentes.,,,,,,
27/9/2016,9:00:00 a. m.,12:00:00 p. m.,Bv. Oroño y Riva,Distrito Sudoeste,Guardia Urbana Municipal,,9,9,2,7,,,,,,,Motociclista evade el control y choca a otra moto. Sies asiste a la mujer embestida. Joven detenido en la comisaría.,,,,,,
27/9/2016,9:30:00 a. m.,12:30:00 p. m.,Alvear y San Luis,Distrito Centro,Dirección General de Tránsito,,56,17,2,15,11,5,3,,,,,,,,,,
27/9/2016,2:00:00 p. m.,7:00:00 p. m.,Alvear y San Luis,Distrito Centro,Dirección General de Tránsito,,58,15,0,15,13,,,2,,,,,,,,,
27/9/2016,8:00:00 p. m.,10:00:00 p. m.,Matienzo y Montevideo,Distrito Oeste,Dirección General de Tránsito,,25,14,0,14,,,,,,,,,,,,,
28/9/2016,9:00:00 a. m.,12:00:00 p. m.,Pasco y Mitre,Distrito Centro,Dirección General de Tránsito,,60,9,2,7,8,,,1,,,,,,,,,
28/9/2016,4:16:00 p. m.,6:15:00 p. m.,Uriburu y Flamarion,Distrito Sur,Dirección General de Tránsito,,63,13,,13,10,9,9,7,,,falta de chapa pantente 3,,,,,,
28/9/2016,8:00:00 p. m.,10:00:00 p. m.,Av. San Martín y Ameghino,Distrito Sur,Dirección General de Tránsito,,25,15,,15,,,,,,,,,,,,,
29/9/2016,8:00:00 a. m.,6:00:00 p. m.,Reporte diario Fiscalizacion,"Distrito Norte, Distrito Noroeste, Distrito Oeste, Distrito Sudoeste, Distrito Sur, Distrito Centro",Fiscalización del Transporte,,30,0,,,,,,,,,,
30/9/2016,9:00:00 a. m.,12:00:00 p. m.,Av. Alberdi 30,Distrito Centro,Fiscalización del Transporte,,17,2,2,,,,,,,,2 remises ilegales,,,,,,
30/9/2016,2:00:00 p. m.,7:00:00 p. m.,Arijon y Av. San Martin,Distrito Sur,Guardia Urbana Municipal,Fiscalización del Transporte,68,3,,3,3,,,,,,,,,,,,
30/9/2016,8:00:00 a. m.,6:00:00 p. m.,Reporte diario fiscalizacion,"Distrito Norte, Distrito Noroeste, Distrito Oeste, Distrito Sudoeste, Distrito Sur, Distrito Centro",Fiscalización del Transporte,,44,5,5,,3,,,,,,2 remises ilegales,
30/9/2016,3:30:00 p. m.,5:45:00 p. m.,Av. Uriburu y Flamarion,Distrito Sur,Dirección General de Tránsito,,111,12,1,11,5,,8,7,,,,,,,,,
1/10/2016,12:00:00 a. m.,8:00:00 a. m.,Salta y Pueyrredon,Distrito Centro,Dirección General de Tránsito,,93,9,9,,3,,,,,,Alcoholemia positiva: 6,,,,,,
1/10/2016,12:00:00 a. m.,8:00:00 a. m.,Dorrego y Santa Fe,Distrito Centro,Dirección General de Tránsito,,25,6,6,,,,,,,,Alcoholemia positiva: 6,,,,,,
1/10/2016,12:00:00 a. m.,8:00:00 a. m.,Av. Pellegrini y Riccheri,Distrito Centro,Fiscalización del Transporte,Guardia Urbana Municipal,55,17,12,5,13,,,,,,Alcoholemia positiva: 1,,,,,,
1/10/2016,12:00:00 a. m.,1:00:00 a. m.,Zeballos 4400,Distrito Oeste,Dirección General de Tránsito,,1,1,1,,,,,,,,Alcoholemia positiva: 1,,,,,,
2/10/2016,12:00:00 a. m.,8:00:00 a. m.,Salta e Iriondo,Distrito Centro,Dirección General de Tránsito,,66,6,6,,3,,,,,,Alcoholemia positiva: 3,,,,,,
2/10/2016,12:00:00 a. m.,8:00:00 a. m.,Santa Fe y Dorrego,Distrito Centro,Dirección General de Tránsito,,25,10,10,,1,,,,,,Alcoholemia positiva: 1,,,,,,
2/10/2016,2:30:00 a. m.,3:30:00 a. m.,Mendoza 3300,Distrito Centro,Guardia Urbana Municipal,,1,0,,,,,,,,,Detenidos: 1 por violencia de género,,,,,,
2/10/2016,12:00:00 p. m.,5:00:00 p. m.,Reporte diario fiscalizacion,"Distrito Norte, Distrito Noroeste, Distrito Oeste, Distrito Sudoeste, Distrito Sur, Distrito Centro",Fiscalización del Transporte,,20,1,1,,,,,,,,Remises ilegales: 1,
3/10/2016,7:00:00 p. m.,8:00:00 p. m.,Av. Carlos Colombres 1200,Distrito Norte,Dirección General de Tránsito,,1,1,1,,1,,,,,,,,,,,,
3/10/2016,7:00:00 a. m.,2:00:00 p. m.,Reporte diario Dgt,"Distrito Norte, Distrito Noroeste, Distrito Oeste, Distrito Sudoeste, Distrito Sur, Distrito Centro",Dirección General de Tránsito,,14,14,14,,,,,,,,,
3/10/2016,2:00:00 p. m.,5:00:00 p. m.,Battle y Ordóñez y España,Distrito Sur,Guardia Urbana Municipal,Fiscalización del Transporte,60,12,2,10,,,,,,,,,,,,,
3/10/2016,2:00:00 p. m.,5:00:00 p. m.,Av. San Martín 6125,Distrito Sur,Fiscalización del Transporte,Guardia Urbana Municipal,30,0,,,,,,,,,11 actas de infracción,,,,,,
3/10/2016,4:00:00 p. m.,6:00:00 p. m.,Bv. Oroño 4400,Distrito Sur,Fiscalización del Transporte,Guardia Urbana Municipal,70,14,,14,,,,,,,,,,,,,
3/10/2016,12:00:00 p. m.,7:00:00 p. m.,Av. Alberdi y Génova,Distrito Noroeste,Dirección General de Tránsito,,16,8,,8,,,,,1,,,,,,,,
3/10/2016,6:00:00 p. m.,8:00:00 p. m.,Paraguay e Ituzaingo,Distrito Centro,Fiscalización del Transporte,,53,4,4,,,,,,,,,,,,,,
3/10/2016,8:00:00 p. m.,10:00:00 p. m.,Av. Bordabehere y Constitucion,Distrito Centro,Dirección General de Tránsito,,55,11,,11,,,,,,,,,,,,,
4/10/2016,9:00:00 a. m.,12:00:00 p. m.,Av. Ovidio Lagos y Arijon,Distrito Oeste,Dirección General de Tránsito,Fiscalización del Transporte,90,14,1,13,,,,,1,,Detenido por carnet apocrifo,,,,,,
4/10/2016,9:00:00 a. m.,12:00:00 p. m.,Ayacucho y Dr. Riva,Distrito Sur,Fiscalización del Transporte,Guardia Urbana Municipal,24,1,,1,,,,,,,Gendarmería,,,,,,
4/10/2016,2:00:00 p. m.,5:00:00 p. m.,Lamadrid y Av. Ovidio Lagos,Distrito Sudoeste,Dirección General de Tránsito,,42,8,,8,,,,,,,,,,,,,
4/10/2016,7:00:00 a. m.,2:00:00 p. m.,Reporte diario Dgt,"Distrito Norte, Distrito Noroeste, Distrito Oeste, Distrito Sudoeste, Distrito Sur, Distrito Centro",Dirección General de Tránsito,,19,19,19,,,,,,,,,
4/10/2016,12:00:00 p. m.,7:00:00 p. m.,Reporte diario Dgt,"Distrito Norte, Distrito Noroeste, Distrito Oeste, Distrito Sudoeste, Distrito Sur, Distrito Centro",Dirección General de Tránsito,,10,10,10,,,,,,,,,
4/10/2016,7:00:00 p. m.,9:00:00 p. m.,Moreno 2700,Distrito Centro,Fiscalización del Transporte,,59,2,2,,,,,,,,2 remises ilegales,,,,,,
4/10/2016,10:00:00 p. m.,6:00:00 a. m.,Galvez 700,Distrito Sur,Guardia Urbana Municipal,,1,1,,1,,,,,,,,,,,,,
5/10/2016,10:00:00 a. m.,2:00:00 p. m.,Juan José paso 2000,Distrito Noroeste,Guardia Urbana Municipal,,3,3,,3,,,,,,,,,,,,,
5/10/2016,7:00:00 a. m.,2:00:00 p. m.,Reporte diario dgt,"Distrito Norte, Distrito Noroeste, Distrito Oeste, Distrito Sudoeste, Distrito Sur, Distrito Centro",Dirección General de Tránsito,,10,10,10,,,,,,,,,
5/10/2016,10:00:00 a. m.,2:00:00 p. m.,Caferatta y Santa fe,Distrito Centro,Fiscalización del Transporte,,1,1,1,,,,,,,,Remises ilegales 1,,,,,,
5/10/2016,6:00:00 p. m.,9:00:00 p. m.,Bv. 27 de Febrero y Servando Bayo,Distrito Oeste,Fiscalización del Transporte,Guardia Urbana Municipal,40,5,3,2,,,,,,,Gendarmería,,,,,,
6/10/2016,8:00:00 a. m.,11:00:00 a. m.,Mendoza y Nicaragua,Distrito Noroeste,Fiscalización del Transporte,Guardia Urbana Municipal,52,10,,10,,,,,,,,,,,,,
6/10/2016,9:00:00 a. m.,12:00:00 p. m.,Mendoza y Mexico,Distrito Noroeste,Guardia Urbana Municipal,Fiscalización del Transporte,80,20,,20,,,,,,,,,,,,,
6/10/2016,9:00:00 a. m.,12:00:00 p. m.,Av. Provincias Unidas y Montevideo,Distrito Oeste,Dirección General de Tránsito,,30,13,1,12,,,,,,,,,,,,,
6/10/2016,2:00:00 p. m.,5:00:00 p. m.,Av. San Martín y Arijon,Distrito Sur,Fiscalización del Transporte,,34,0,,,,,,,,,,,,,,,
6/10/2016,12:00:00 p. m.,7:00:00 p. m.,Reporte diario dgt,"Distrito Norte, Distrito Noroeste, Distrito Oeste, Distrito Sudoeste, Distrito Sur, Distrito Centro",Dirección General de Tránsito,,8,8,8,,,,,,,,,
6/10/2016,8:00:00 p. m.,10:00:00 p. m.,Mendoza 7500,Distrito Noroeste,Dirección General de Tránsito,,49,15,2,13,12,,,7,,,Alcoholemia positiva: 0 49 test,,,,,,
6/10/2016,7:00:00 p. m.,10:00:00 p. m.,Salvat 1400,Distrito Norte,Dirección General de Tránsito,,6,6,3,3,,,,,,,,,,,,,
6/10/2016,9:00:00 p. m.,12:00:00 a. m.,Av. San Martín 6700,Distrito Sur,Guardia Urbana Municipal,Fiscalización del Transporte,87,19,16,3,,,,,,,Gendarmería,,,,,,
7/10/2016,5:00:00 a. m.,6:00:00 a. m.,España 6700,Distrito Sur,Dirección General de Tránsito,,1,1,1,,,,,,1,,Detenido portando arma de fuego y 10 balas,,,,,,
7/10/2016,5:00:00 a. m.,6:00:00 a. m.,Rueda y Ayacucho,Distrito Sur,Dirección General de Tránsito,,2,2,2,,,,,,,,Alcoholemia positiva: 2 Gendarmería,,,,,,
7/10/2016,7:00:00 a. m.,11:00:00 a. m.,Bv. Seguí y Bv. Avellaneda,Distrito Oeste,Guardia Urbana Municipal,Fiscalización del Transporte,36,7,3,4,,,,,,,Gendarmería,,,,,,
7/10/2016,7:00:00 a. m.,11:00:00 a. m.,Av. Pellegrini y Riccheri,Distrito Centro,Guardia Urbana Municipal,Fiscalización del Transporte,32,7,3,4,,,,,,,Gendarmería,,,,,,
8/10/2016,12:00:00 a. m.,8:00:00 a. m.,Av. Pellegrini y Balcarce,Distrito Centro,Dirección General de Tránsito,,114,17,16,1,,,,,,,Alcoholemia positiva: 6 controles 114 ,,,,,,
8/10/2016,12:00:00 a. m.,8:00:00 a. m.,Eudoro Carrasco 4200,Distrito Norte,Dirección General de Tránsito,,43,19,19,,18,,,,,,Alcoholemia positiva: 1,,,,,,
8/10/2016,12:00:00 a. m.,8:00:00 a. m.,Av. Pellegrini y Caferatta,Distrito Centro,Dirección General de Tránsito,,81,11,11,,1,,,,,,Alcoholemia positiva: 10,,,,,,
8/10/2016,2:00:00 p. m.,5:00:00 p. m.,Av. San Martin 5400,Distrito Sur,Fiscalización del Transporte,,41,2,2,,2,,,,,,,,,,,,
8/10/2016,4:00:00 p. m.,7:00:00 p. m.,Av. Uriburu 270,Distrito Sur,Dirección General de Tránsito,,154,27,5,22,,,,,,,Gendarmería,,,,,,
8/10/2016,10:00:00 a. m.,10:15:00 a. m.,Av. Uriburu 5600,Distrito Oeste,Dirección General de Tránsito,,1,1,1,,,,,,1,,Detenido por carnet apócrifa ,,,,,,
9/10/2016,9:00:00 a. m.,12:00:00 p. m.,Arturo Illia 1400,Distrito Centro,Guardia Urbana Municipal,,1,1,1,,,,,,,,Auto remitido al ser conducido por un menor,,,,,,
9/10/2016,12:00:00 a. m.,8:00:00 a. m.,Av. Carlos Colombres 1100,Distrito Norte,Dirección General de Tránsito,,129,7,5,2,,,,,,,Alcoholemia positiva: 4,,,,,,
9/10/2016,12:00:00 a. m.,8:00:00 a. m.,Av. Pellegrini 2800,Distrito Centro,Dirección General de Tránsito,,61,11,11,,1,,,,,,Alcoholemia positiva: 10,,,,,,
10/10/2016,2:40:00 a. m.,3:00:00 a. m.,Bv. 27 de febrero y Bv. Oroño,Distrito Centro,Dirección General de Tránsito,,1,1,1,,,,,,,,Remitido por conducir con una licencia aparentemente apócrifa. No figura en la base de datos,,,,,,
11/10/2016,12:00:00 a. m.,8:00:00 a. m.,Av. Estanislao Lopez 2300,Distrito Norte,Dirección General de Tránsito,,45,3,2,1,2,,,,,,alcoholemia positiva: 1,,,,,,
11/10/2016,12:00:00 a. m.,8:00:00 a. m.,España y Cochabamba,Distrito Centro,Dirección General de Tránsito,,26,7,6,1,,,,,,,alcoholemia positiva: 7,,,,,,
11/10/2016,9:00:00 a. m.,12:00:00 p. m.,Bv. Francia y Tucumán ,Distrito Centro,Dirección General de Tránsito,,57,5,1,4,5,,,,,,,,,,,,
11/10/2016,7:00:00 a. m.,2:00:00 p. m.,Av. Ovidio Lagos y Urquiza,Distrito Centro,Dirección General de Tránsito,,1,1,1,,,,,,,,,,,,,,
11/10/2016,2:00:00 p. m.,4:00:00 p. m.,Bv. Francia y Salta,Distrito Centro,Dirección General de Tránsito,,77,11,,11,10,,,1,,,,,,,,,
11/10/2016,7:00:00 p. m.,1:00:00 a. m.,Reporte diario DGT,"Distrito Norte, Distrito Noroeste, Distrito Oeste, Distrito Sudoeste, Distrito Sur, Distrito Centro",Dirección General de Tránsito,,5,5,5,,,,,,,,,
11/10/2016,9:00:00 a. m.,12:00:00 p. m.,Bv. Francia y Brown,Distrito Centro,Guardia Urbana Municipal,Fiscalización del Transporte,134,12,2,10,,,,,,,,,,,,,
11/10/2016,5:00:00 p. m.,7:25:00 p. m.,Isola 76,Distrito Sur,Guardia Urbana Municipal,Fiscalización del Transporte,87,7,1,6,,,,,,,,,,,,,
11/10/2016,4:00:00 p. m.,6:00:00 p. m.,Urquiza y Av. Ovidio Lagos,Distrito Centro,Fiscalización del Transporte,,26,3,3,,,,,,,,,,,,,,
11/10/2016,8:00:00 p. m.,10:00:00 p. m.,Isola 76,Distrito Sur,Fiscalización del Transporte,,47,2,1,1,,,,,,,,,,,,,
11/10/2016,5:00:00 p. m.,7:00:00 p. m.,Bv. Francia y Tucuman,Distrito Centro,Dirección General de Tránsito,,57,5,1,4,5,,,,,,,,,,,,
11/10/2016,4:00:00 p. m.,6:00:00 p. m.,Bv. Francia y 9 de Julio,Distrito Centro,Fiscalización del Transporte,,47,2,1,1,2,,,,,,,,,,,,
12/10/2016,9:00:00 a. m.,12:00:00 p. m.,Ayolas 101,Distrito Sur,Dirección General de Tránsito,,37,7,1,6,1,,5,1,,,falta chapa patente: 1,,,,,,
12/10/2016,8:00:00 a. m.,4:00:00 p. m.,Av. Uriburu y Av. San Martin,Distrito Sur,Guardia Urbana Municipal,,14,14,1,13,,,,,1,,lavadero clausurado por falta de habilitación y ocupación indebida del espacio humboldt 4700,,,,,,
12/10/2016,7:00:00 a. m.,2:00:00 p. m.,reporte diario DGT,"Distrito Norte, Distrito Noroeste, Distrito Oeste, Distrito Sudoeste, Distrito Sur, Distrito Centro",Dirección General de Tránsito,,13,13,13,,,,,,,,,
12/10/2016,3:00:00 p. m.,6:00:00 p. m.,Av. Ovidio Lagos 6800,Distrito Sudoeste,Dirección General de Tránsito,,30,8,3,5,4,,4,,,,sin chapa patente: 2,,,,,,
12/10/2016,4:00:00 p. m.,6:00:00 p. m.,Av. Presidente Perón 4600,Distrito Oeste,Guardia Urbana Municipal,Fiscalización del Transporte,57,27,12,15,,,,,,,remises ilegales: 1 Gendarmería,,,,,,
13/10/2016,8:00:00 a. m.,10:00:00 a. m.,Junin y Formosa ,Distrito Noroeste,Fiscalización del Transporte,Guardia Urbana Municipal,23,3,,3,,,,,,,lluvia,,,,,,
13/10/2016,10:00:00 a. m.,11:00:00 a. m.,Bv. Rondeau y Sorrento,Distrito Norte,Dirección General de Tránsito,,10,4,,4,,,,,,,lluvia,,,,,,
13/10/2016,6:00:00 p. m.,8:00:00 p. m.,Av. Abanderado Grandoli 5000,Distrito Sur,Fiscalización del Transporte,Guardia Urbana Municipal,42,5,3,2,,,,,,,,,,,,,
13/10/2016,2:00:00 p. m.,4:00:00 p. m.,Schweitzer y Donado,Distrito Noroeste,Control Urbano,,2,2,,2,,,,,,,,,,,,,
13/10/2016,6:00:00 p. m.,8:00:00 p. m.,Juan B. Justo 7400,Distrito Noroeste,Control Urbano,,5,5,,5,5,,,,,,,,,,,,
14/10/2016,12:00:00 a. m.,8:00:00 a. m.,Leandro N. Alem 2600,Distrito Sur,Guardia Urbana Municipal,,8,8,,8,,,,,,,,,,,,,
14/10/2016,12:00:00 a. m.,6:00:00 a. m.,Av. Pellegrini 2100,Distrito Centro,Dirección General de Tránsito,,80,20,18,2,14,,,,,,Alcoholemia positiva: 6,,,,,,
14/10/2016,9:00:00 a. m.,12:00:00 p. m.,Av. Avellaneda y Amenabar,Distrito Oeste,Dirección General de Tránsito,,58,12,2,10,9,,,3,,,"controles de alcoholemia 28, todos negativos",,,,,
14/10/2016,3:00:00 p. m.,6:00:00 p. m.,Bv. Oroño 3900,Distrito Sur,Dirección General de Tránsito,,96,15,1,14,15,,5,4,,,,,,,,,
14/10/2016,9:00:00 a. m.,12:00:00 p. m.,Felipe Moré y Bv. Seguí,Distrito Oeste,Guardia Urbana Municipal,,35,24,2,22,,,,,1,,decomiso de mercadería sin cadena de frío,,,,,,
14/10/2016,2:00:00 p. m.,6:00:00 p. m.,reporte diario dgt,"Distrito Norte, Distrito Noroeste, Distrito Oeste, Distrito Sudoeste, Distrito Sur, Distrito Centro",Dirección General de Tránsito,,10,6,6,,,,,,,,,
14/10/2016,7:00:00 p. m.,9:00:00 p. m.,Av. San Martin y Av. Uriburu,Distrito Sur,Fiscalización del Transporte,Guardia Urbana Municipal,45,5,3,2,,,,,,,Gendarmería,,,,,,
15/10/2016,12:00:00 a. m.,8:00:00 a. m.,Av. Pellegrini y Riccheri,Distrito Centro,Fiscalización del Transporte,Guardia Urbana Municipal,34,4,2,2,,,,,,,,,,,,,
15/10/2016,7:00:00 p. m.,7:05:00 p. m.,Bv. 27 de Febrero y Bv. Avellaneda,Distrito Oeste,Dirección General de Tránsito,,1,1,1,,,,,,,,"A pedido de Gendarmería se realiza control de alcoholemia en accidente de tránsito. Resultado positivo: 1,43",,,,,
15/10/2016,12:00:00 a. m.,8:00:00 a. m.,Suipacha y Catamarca,Distrito Centro,Dirección General de Tránsito,,97,16,16,,4,,,,,,,,,,,,
16/10/2016,12:00:00 a. m.,8:00:00 a. m.,Salta e Iriondo,Distrito Centro,Guardia Urbana Municipal,,99,6,6,,,,,,,,Alcoholemia positivo: 6,,,,,,
16/10/2016,12:00:00 a. m.,8:00:00 a. m.,Av. Pellegrini y Riccheri,Distrito Centro,Guardia Urbana Municipal,,75,2,2,,,,,,,,,,,,,,
16/10/2016,12:00:00 a. m.,8:00:00 a. m.,reporte diario Gum,"Distrito Norte, Distrito Noroeste, Distrito Oeste, Distrito Sudoeste, Distrito Sur, Distrito Centro",Fiscalización del Transporte,Guardia Urbana Municipal,7,7,4,3,,,,,,,alcoholemia positiva: 1,
17/10/2016,9:00:00 a. m.,12:00:00 p. m.,Bv. Uriburu y Flammarion,Distrito Sur,Dirección General de Tránsito,,23,13,,13,,,,,,,"23 controles de alcoholemia, todos negativos",,,,,
17/10/2016,3:00:00 p. m.,5:00:00 p. m.,Juan José Paso 8500,Distrito Noroeste,Fiscalización del Transporte,,18,4,,4,,,,,,,,,,,,,
17/10/2016,5:00:00 p. m.,7:00:00 p. m.,Juan José paso 8500,Distrito Noroeste,Dirección General de Tránsito,,53,11,,11,,,,,,,"14 controles de alcoholemia, todos negativos",,,,,
17/10/2016,6:00:00 p. m.,8:00:00 p. m.,Mendoza y Tte Agneta,Distrito Noroeste,Guardia Urbana Municipal,Fiscalización del Transporte,60,6,3,3,,,,,,,GENDARMERÍA,,,,,,
18/10/2016,6:00:00 p. m.,8:00:00 p. m.,Marcha ni una menos,Distrito Centro,Fiscalización del Transporte,,17,1,1,,,,,,,,,,,,,,
18/10/2016,7:00:00 p. m.,10:00:00 p. m.,Bv. Seguí y Av. Ovidio Lagos,Distrito Sudoeste,Fiscalización del Transporte,Guardia Urbana Municipal,77,7,,7,7,,7,,,,GENDARMERÍA,,,,,,
18/10/2016,7:00:00 p. m.,1:00:00 a. m.,Castellanos 200,Distrito Centro,Dirección General de Tránsito,,21,7,6,1,,,,,,,,,,,,,
18/10/2016,8:00:00 p. m.,10:00:00 p. m.,Salta y Vera Mujica,Distrito Centro,Fiscalización del Transporte,,45,4,4,,4,,,,,,,,,,,,
18/10/2016,9:00:00 a. m.,12:00:00 p. m.,Ayacucho y Arijon,Distrito Sur,Fiscalización del Transporte,,77,14,2,12,,,,,,,Gendarmería,,,,,,
19/10/2016,7:00:00 a. m.,2:00:00 p. m.,Reporte diario DGT,"Distrito Norte, Distrito Noroeste, Distrito Oeste, Distrito Sudoeste, Distrito Sur, Distrito Centro",Dirección General de Tránsito,,12,12,12,,,,,,,,,
21/10/2016,12:00:00 a. m.,6:00:00 a. m.,B. Rivadavia 2500,Distrito Centro,Dirección General de Tránsito,,60,12,12,,8,,,,,,Alcoholemia positiva: 4,,,,,,
21/10/2016,12:00:00 a. m.,6:00:00 a. m.,Santa Fe y Dorrego,Distrito Centro,Dirección General de Tránsito,,28,5,5,,1,,,,,,Alcoholemia positiva: 4,,,,,,
21/10/2016,3:00:00 p. m.,5:30:00 p. m.,Pasco y Necochea,Distrito Centro,Control Urbano,Dirección General de Tránsito,55,10,,10,,,,,,,,,,,,,
21/10/2016,3:00:00 p. m.,5:00:00 p. m.,Castellanos 700,Distrito Centro,Fiscalización del Transporte,,19,2,2,,,,,,,,Remises ilegales: 2,,,,,,
21/10/2016,2:00:00 p. m.,8:00:00 p. m.,Reporte diario DGT,"Distrito Norte, Distrito Noroeste, Distrito Oeste, Distrito Sudoeste, Distrito Sur, Distrito Centro",Dirección General de Tránsito,,26,9,9,,,,,,,,,
21/10/2016,9:00:00 a. m.,12:00:00 p. m.,Bv. Seguí y Felipe Moré,Distrito Oeste,Control Urbano,Dirección General de Tránsito,40,22,1,21,,,,,1,,Secuestro de licencia apócrifa y detención de individuo con antecedentes penales,,,,,,
21/10/2016,9:00:00 a. m.,12:00:00 p. m.,Bv. Avellaneda 3600,Distrito Oeste,Guardia Urbana Municipal,Fiscalización del Transporte,179,47,2,45,,,,,,,,,,,,,
22/10/2016,8:00:00 a. m.,10:00:00 a. m.,Av. Del Rosario y Checoslovaquia,Distrito Sur,Fiscalización del Transporte,,29,9,1,8,,,,,,,,,,,,,
22/10/2016,12:00:00 a. m.,8:00:00 a. m.,Av. Ovidio Lagos y Santa Fe,Distrito Centro,Dirección General de Tránsito,,14,6,6,,,,,,,,Alcoholemia positiva: 6,,,,,,
22/10/2016,12:00:00 a. m.,8:00:00 a. m.,Vera Mujica y Urquiza,Distrito Centro,Dirección General de Tránsito,,90,10,10,,2,,,,,,Alcoholemia positiva: 8,,,,,,
23/10/2016,12:00:00 a. m.,8:00:00 a. m.,Bv. Oroño y Montevideo,Distrito Centro,Dirección General de Tránsito,,31,6,6,,,,,,,,Alcoholemia positiva: 6,,,,,,
23/10/2016,12:00:00 a. m.,8:00:00 a. m.,Santa Fe y Dorrego,Distrito Centro,Dirección General de Tránsito,,56,14,12,2,,,,,,,Alcoholemia positiva: 13,,,,,,
24/10/2016,9:00:00 a. m.,12:00:00 p. m.,Av. Sorrento 1000,Distrito Norte,Guardia Urbana Municipal,Fiscalización del Transporte,108,27,1,26,,,,,2,,2 detenidos. 1 con pedido de captura y 1 con licencia apócrifa. Remises ilegales: 1,,,,,,
24/10/2016,7:00:00 a. m.,2:00:00 p. m.,Reporte diario DGT,"Distrito Norte, Distrito Noroeste, Distrito Oeste, Distrito Sudoeste, Distrito Sur, Distrito Centro",Dirección General de Tránsito,,29,11,11,,,,,,,,,
24/10/2016,6:00:00 p. m.,8:00:00 p. m.,Casiano Casas 1200,Distrito Norte,Fiscalización del Transporte,,90,14,,14,,,,,,,GENDARMERIA,,,,,,
24/10/2016,10:00:00 p. m.,6:00:00 a. m.,Juan Manuel de Rosas y Gálvez,Distrito Sur,Guardia Urbana Municipal,,4,4,1,3,,,,,,,Remisión de un auto modificado y un equipo de parlantes,,,,,,
25/10/2016,7:00:00 a. m.,2:00:00 p. m.,Reporte diario Dgt,"Distrito Norte, Distrito Noroeste, Distrito Oeste, Distrito Sudoeste, Distrito Sur, Distrito Centro",Dirección General de Tránsito,,9,9,9,,,,,,,,,
25/10/2016,6:00:00 p. m.,9:00:00 p. m.,Macrocentro,Distrito Centro,Fiscalización del Transporte,,32,0,,,,,,,,,,,,,,,
25/10/2016,6:00:00 p. m.,9:00:00 p. m.,Caferatta y Córdoba,Distrito Centro,Fiscalización del Transporte,,15,0,,,,,,,,,,,,,,,
26/10/2016,9:00:00 a. m.,12:00:00 p. m.,Sorrento 1050,Distrito Norte,Guardia Urbana Municipal,Fiscalización del Transporte,102,16,2,14,,,,,2,,GENDARMERÍA. 1 moto con pedido de captura 1 detención por conducir un auto robado (P),,,,,,
26/10/2016,7:00:00 a. m.,2:00:00 p. m.,Reporte diario Dgt,"Distrito Norte, Distrito Noroeste, Distrito Oeste, Distrito Sudoeste, Distrito Sur, Distrito Centro",Dirección General de Tránsito,,13,13,13,,,,,,,,,
26/10/2016,6:00:00 p. m.,9:00:00 p. m.,Av. Uriburu y España,Distrito Sudoeste,Fiscalización del Transporte,Guardia Urbana Municipal,75,12,3,9,,,9,,,,,,,,,,
26/10/2016,3:00:00 p. m.,6:00:00 p. m.,Pueyrredon y Bv. Seguí,Distrito Sudoeste,Dirección General de Tránsito,,67,12,1,11,,,,,,,"Controles de alcoholemia: 16, todas negativas.",,,,,
26/10/2016,9:00:00 a. m.,12:00:00 p. m.,Av. Provincias Unidas y Mendoza,Distrito Noroeste,Control Urbano,,1,1,,1,,,,,,,Cese de actividad a un taller de motos,,,,,,
26/10/2016,2:00:00 p. m.,6:00:00 p. m.,Av. Uriburu y Flammarion ,Distrito Sur,Control Urbano,,2,2,,2,,,,,,,,,,,,,
27/10/2016,9:00:00 a. m.,12:00:00 p. m.,Salvat y Medrano ,Distrito Norte,Guardia Urbana Municipal,,76,14,1,13,,,,,2,,2 Detenidos por portación de estupefacientes,,,,,,
27/10/2016,3:00:00 p. m.,5:00:00 p. m.,Bv. Francia y Brown,Distrito Centro,Dirección General de Tránsito,,48,13,1,12,7,,,4,,,"Controles alcoholemia: 48, un positivo. Licencias apócrifas: 1",,,,,
27/10/2016,5:00:00 p. m.,7:00:00 p. m.,Mendoza y Rouillon,Distrito Noroeste,Guardia Urbana Municipal,Fiscalización del Transporte,184,28,4,24,,,,,,,,,,,,,
28/10/2016,9:00:00 a. m.,12:00:00 p. m.,Av. Alberdi 260,Distrito Norte,Fiscalización del Transporte,,18,1,1,,,,,,,,Remises ilegales: 1,,,,,,
28/10/2016,3:00:00 p. m.,6:00:00 p. m.,Bv. Abanderado Grandoli 3900,Distrito Sur,Dirección General de Tránsito,,81,6,,6,,,,,,,,,,,,,
28/10/2016,9:00:00 a. m.,11:00:00 a. m.,Bv. Avellaneda y Amenabar,Distrito Oeste,Dirección General de Tránsito,,51,9,1,8,,,,,,,,,,,,,
28/10/2016,12:00:00 p. m.,3:00:00 p. m.,Av. Uriburu y Av. San Martin,Distrito Sur,Fiscalización del Transporte,,105,11,3,8,,,,,,,Remises ilegales: 1,,,,,,
29/10/2016,9:00:00 a. m.,11:00:00 a. m.,Ayacucho y Arijon,Distrito Sur,Fiscalización del Transporte,,75,13,,13,13,,,,,,GENDARMERÍA,,,,,,
29/10/2016,11:00:00 a. m.,1:00:00 p. m.,Ayacucho y Arijon,Distrito Sur,Fiscalización del Transporte,,55,9,9,,8,,,,,,Remises ilegales: 1,,,,,,
29/10/2016,12:00:00 a. m.,8:00:00 a. m.,Av. Colombres 1100,Distrito Norte,Dirección General de Tránsito,,68,13,13,,12,,,,,,Alcoholemia positiva: 1,,,,,,
29/10/2016,12:00:00 a. m.,8:00:00 a. m.,Santa Fe y Av. Ovidio Lagos,Distrito Centro,Dirección General de Tránsito,,47,16,15,1,,,,,,,Alcoholemia positiva: 1,,,,,,
29/10/2016,9:00:00 p. m.,12:00:00 a. m.,Av. Pellegrini y Riccheri,Distrito Centro,Guardia Urbana Municipal,,13,13,8,5,,,,,,,,,,,,,
29/10/2016,11:00:00 a. m.,3:00:00 p. m.,Av San Martín 5000,Distrito Sur,Fiscalización del Transporte,,18,1,1,,,,,,,,,,,,,,
29/10/2016,12:00:00 a. m.,8:00:00 a. m.,Vera Mujica y Urquiza,Distrito Centro,Dirección General de Tránsito,,108,18,16,2,,,,,,,Alcoholemia positiva: 18,,,,,,
29/10/2016,12:00:00 a. m.,8:00:00 a. m.,Santa Fe y Dorrego,Distrito Centro,Dirección General de Tránsito,,19,6,5,1,1,,,,,,Alcoholemia positiva: 1,,,,,,
30/10/2016,12:00:00 a. m.,3:00:00 a. m.,Montevideo y Sarmiento,Distrito Centro,Guardia Urbana Municipal,Fiscalización del Transporte,10,10,10,,,,,,,,,,,,,,
31/10/2016,8:00:00 p. m.,10:00:00 p. m.,Av. Abanderado Grandoli 3300,Distrito Sur,Fiscalización del Transporte,Guardia Urbana Municipal,81,30,7,23,,,,,,,Remises Ilegales 1,,,,,,
31/10/2016,3:00:00 p. m.,6:00:00 p. m.,Av. Travesia y J.J Paso,Distrito Norte,Dirección General de Tránsito,,135,29,1,28,,,,,,,30 Controles de alcoholemia todos -,,,,,,
31/10/2016,9:00:00 a. m.,12:00:00 p. m.,Av. Travesía y J. J. Paso,Distrito Norte,Guardia Urbana Municipal,Fiscalización del Transporte,168,47,1,46,,,,,,,,,,,,,
31/10/2016,2:00:00 p. m.,6:00:00 p. m.,Av. Abanderado Grandoli 3300,Distrito Sur,Guardia Urbana Municipal,,19,19,3,16,,,,,,,,,,,,,
1/11/2016,7:00:00 a. m.,2:00:00 p. m.,Reporte diaria DGT,"Distrito Norte, Distrito Noroeste, Distrito Oeste, Distrito Sudoeste, Distrito Sur, Distrito Centro",Dirección General de Tránsito,,14,14,14,,,,,,,,,
2/11/2016,8:00:00 p. m.,10:00:00 p. m.,Salta y Caffetrata,Distrito Centro,Dirección General de Tránsito,,38,2,,2,,,,,,,,,,,,,
2/11/2016,5:00:00 p. m.,7:00:00 p. m.,Av. Ov. Lagos 8600,Distrito Sudoeste,Guardia Urbana Municipal,Fiscalización del Transporte,11,11,2,9,,,,,,,,,,,,,
2/11/2016,9:00:00 a. m.,12:00:00 p. m.,Bv. Oroño  5200,Distrito Sur,Dirección General de Tránsito,Fiscalización del Transporte,181,17,5,12,,,,,,,"30 controles de alcoholemia,todos -",,,,,
3/11/2016,6:00:00 p. m.,9:00:00 p. m.,Mendoza y Roullion ,Distrito Oeste,Fiscalización del Transporte,,61,11,0,11,11,,,,,,,,,,,,
3/11/2016,4:00:00 p. m.,6:00:00 p. m.,Bv. Rondeau y Av. Sorrento ,Distrito Norte,Dirección General de Tránsito,,21,11,0,11,,,,,,,,,,,,,
3/11/2016,3:00:00 p. m.,5:00:00 p. m.,Mendoza y Roullion ,Distrito Oeste,Guardia Urbana Municipal,,137,23,3,20,,,,,1,,Detención por irregularidades con el dminio de la patente,,,,,,
3/11/2016,9:00:00 a. m.,12:00:00 p. m.,Ayacucho y Uriburu,Distrito Sur,Guardia Urbana Municipal,Fiscalización del Transporte,146,18,4,14,,,,,1,,Remises ilegales:1,,,,,,
3/11/2016,8:00:00 p. m.,10:00:00 p. m.,Pueyredon y Bv. Segui,Distrito Sudoeste,Dirección General de Tránsito,,56,17,1,16,,,,,,,,,,,,,
3/11/2016,10:00:00 p. m.,6:00:00 a. m.,Pasco y Sarmiento,Distrito Centro,Dirección General de Tránsito,,60,10,9,1,,,,,,,alcocholemia + 2,,,,,,
3/11/2016,10:00:00 p. m.,6:00:00 a. m.,Santa Fe y Dorrego,Distrito Centro,Dirección General de Tránsito,,90,10,9,1,,,,,,,ALCOHOLEMIA + 6,,,,,,
4/11/2016,6:00:00 p. m.,9:00:00 p. m.,Av. San Martin y Arijon,Distrito Sur,Fiscalización del Transporte,,60,15,3,12,,,,,,,GENDARMERIA ,,,,,,
4/11/2016,4:00:00 p. m.,7:00:00 p. m.,Av. San Martin y Arijon ,Distrito Sur,Guardia Urbana Municipal,Fiscalización del Transporte,100,14,,14,,,,,,,,,,,,,
4/11/2016,4:00:00 p. m.,6:00:00 p. m.,Cordoba 1300,Distrito Centro,Guardia Urbana Municipal,,1,0,,,,,,,,,Secuestro de mercaderia para la venta ilegal.(cds),,,,,,
4/11/2016,6:00:00 a. m.,12:00:00 p. m.,Bv. Segui y Felipe More.,Distrito Oeste,Guardia Urbana Municipal,,100,39,10,29,,,,,4,,2 menores al rezguardo comisaria 19 / (2 por resistecia a la autoridad 2 por intento de fuga) GENDARMERIA,,,,,,
4/11/2016,9:00:00 a. m.,12:00:00 p. m.,Bv. Avellaneda y Amenabar,Distrito Sudoeste,Dirección General de Tránsito,,78,6,2,4,,,,,,,33 CONTROLES ALCOHGOLEMIA -,,,,,,
4/11/2016,2:00:00 p. m.,5:00:00 p. m.,Pedro Lino Funes y Ocampo,Distrito Oeste,Dirección General de Tránsito,,111,20,1,19,,,,,,,,,,,,,
5/11/2016,10:00:00 p. m.,6:00:00 a. m.,Parque Yrigoyen,Distrito Sur,Guardia Urbana Municipal,,4,4,4,,4,,,,,,,,,,,,
5/11/2016,12:00:00 a. m.,6:00:00 a. m.,Av. Pellegrini y Necochea,Distrito Centro,Fiscalización del Transporte,Guardia Urbana Municipal,62,3,2,1,2,,,,,,alcoholemia +  1,,,,,,
5/11/2016,12:00:00 a. m.,8:00:00 a. m.,Santa Fe y Dorrego,Distrito Centro,Dirección General de Tránsito,,15,6,6,,,,,,,,alcoholemia +6,,,,,,
6/11/2016,10:00:00 p. m.,6:00:00 a. m.,Operativos Generalees,"Distrito Norte, Distrito Noroeste, Distrito Oeste, Distrito Sudoeste, Distrito Sur, Distrito Centro",Guardia Urbana Municipal,,6,5,,5,,,,,2,,Zeballos y Lagos por contar con cosas robadas en el marco de un accidente,
6/11/2016,12:00:00 a. m.,8:00:00 a. m.,Illia y Pte Roca,Distrito Centro,Dirección General de Tránsito,,77,16,11,5,6,,,,,,Alcoholemia positiva 10,,,,,,
6/11/2016,12:00:00 a. m.,8:00:00 a. m.,Mendoza y Av. San Martin ,Distrito Centro,Dirección General de Tránsito,,14,8,8,,,,,,,,alcoholemia positiva 8,,,,,,
7/11/2016,8:00:00 p. m.,10:00:00 p. m.,Paraná y Santa Fe,Distrito Oeste,Dirección General de Tránsito,,48,9,,9,,,,,,,,,,,,,
7/11/2016,4:00:00 p. m.,10:00:00 p. m.,Av. Godoy y Bv. Francia,Distrito Sudoeste,Fiscalización del Transporte,,37,6,3,3,,,,,,,GENDARMERIA,,,,,,
7/11/2016,12:00:00 a. m.,8:00:00 a. m.,Av. Pellegrini y  Necochea,Distrito Centro,Dirección General de Tránsito,,80,11,7,4,5,,,,,,alcocholemia + 6,,,,,,
8/11/2016,9:00:00 a. m.,12:00:00 p. m.,Moreno y Mendoza,Distrito Centro,Dirección General de Tránsito,,68,14,14,,,,,,,,,,,,,,
8/11/2016,2:00:00 p. m.,5:00:00 p. m.,Moreno y Mendoza,Distrito Centro,Dirección General de Tránsito,,65,11,,11,,,,,,,,,,,,,
8/11/2016,8:00:00 p. m.,10:00:00 p. m.,ameghino y sarmiento,Distrito Sur,Dirección General de Tránsito,,42,8,,8,,,,,,,,,,,,,
8/11/2016,9:00:00 a. m.,12:00:00 p. m.,Zona total,"Distrito Norte, Distrito Noroeste, Distrito Oeste, Distrito Sudoeste, Distrito Sur, Distrito Centro",Fiscalización del Transporte,,47,2,,2,,,,,,,,
8/11/2016,9:00:00 a. m.,12:00:00 p. m.,Av. Uriburu y Av. Abanderado Grandoli,Distrito Sur,Guardia Urbana Municipal,,70,9,,9,,,,,,,,,,,,,
8/11/2016,5:00:00 p. m.,7:00:00 p. m.,Montevideo y Camilo Aldao ,Distrito Noroeste,Guardia Urbana Municipal,Fiscalización del Transporte,14,14,1,13,,,,,,,,,,,,,
11/11/2016,12:30:00 a. m.,8:00:00 a. m.,Av. Colombres 1500,Distrito Norte,Dirección General de Tránsito,,90,17,16,1,11,,,,,,Alcoholemia positiva: 6,,,,,,
11/11/2016,8:00:00 a. m.,11:00:00 a. m.,Bv. 27 de Febrero y España,Distrito Centro,Fiscalización del Transporte,,54,4,4,,,,,,,,,,,,,,
11/11/2016,2:00:00 p. m.,5:00:00 p. m.,Av. San Martín y Circunvalación,Distrito Sur,Fiscalización del Transporte,Control Urbano,94,19,,19,,,,,,,"30 controles de alcoholemia, todos negativos",,,,,
11/11/2016,6:00:00 p. m.,9:00:00 p. m.,Terminal de Ómnibus,Distrito Centro,Fiscalización del Transporte,,47,5,5,,,,,,,,Remises ilegales: 2,,,,,,
12/11/2016,12:00:00 a. m.,8:00:00 a. m.,Av. Pellegrini y Ayacucho,Distrito Centro,Dirección General de Tránsito,,119,4,4,,,,,,,,Alcoholemia positiva: 4,,,,,,
12/11/2016,12:00:00 a. m.,8:00:00 a. m.,Santa Fe y Av. Ovidio Lagos,Distrito Centro,Dirección General de Tránsito,,63,11,10,1,,,,,,,Alcoholemia positiva: 11,,,,,,
12/11/2016,12:00:00 a. m.,8:00:00 a. m.,Galvez y Laprida,Distrito Sur,Fiscalización del Transporte,,34,4,1,3,,,,,,,,,,,,,
13/11/2016,12:00:00 a. m.,8:00:00 a. m.,Av. Carlos Colombres y Gurruchaga,Distrito Norte,Dirección General de Tránsito,,27,7,6,1,,,,,,,Alcoholemia positiva:6,,,,,,
13/11/2016,12:00:00 a. m.,8:00:00 a. m.,Salta y Vera Mujica,Distrito Centro,Guardia Urbana Municipal,Fiscalización del Transporte,78,31,18,13,,,,,,,Alcoholemia positiva: 8,,,,,,
13/11/2016,12:00:00 a. m.,8:00:00 a. m.,wheelrigth y roca,Distrito Centro,Dirección General de Tránsito,,104,7,5,2,,,,,,,alcoholemia + 3,,,,,,
13/11/2016,12:00:00 a. m.,8:00:00 a. m.,frondisi 600,Distrito Norte,Dirección General de Tránsito,,27,7,6,1,,,,,,,6 alcoholemia 6+,,,,,,
14/11/2016,8:00:00 p. m.,10:00:00 p. m.,san nicolas y salta,Distrito Centro,Dirección General de Tránsito,,55,5,,5,,,,,,,,,,,,,
15/11/2016,6:00:00 p. m.,9:00:00 p. m.,Oroño y Rivadavia,Distrito Centro,Fiscalización del Transporte,,58,10,4,6,10,,,,,,Se realizó con policía al no acudir Gendarmería,,,,,,
15/11/2016,1:00:00 p. m.,7:00:00 p. m.,Avellaneda y 3 de Febrero,Distrito Centro,Dirección General de Tránsito,,65,11,11,,,,,,,,"27 controles de alcoholemia, todos negativos",,,,,
15/11/2016,9:00:00 a. m.,12:00:00 p. m.,3 de febrero y Caferatta,Distrito Centro,Dirección General de Tránsito,,69,14,1,13,,,,,,,"17 controles de alcoholemia, todos negativos",,,,,
15/11/2016,9:00:00 a. m.,12:00:00 p. m.,Pellegrini y Avellaneda,Distrito Centro,Fiscalización del Transporte,,44,2,2,,,,,,,,,,,,,,
15/11/2016,6:00:00 p. m.,9:00:00 p. m.,27 de Febrero y Santiago,Distrito Sudoeste,Fiscalización del Transporte,,56,1,1,,,,,,,,Se remite transporte especial por falta de habilitación municipal,,,,,,
15/11/2016,8:00:00 p. m.,10:00:00 p. m.,Del Rosario y Ayacucho,Distrito Sur,Dirección General de Tránsito,,38,6,,6,,,,,,,,,,,,,
16/11/2016,12:00:00 p. m.,1:00:00 p. m.,Balcarce y 27 de Febrero,Distrito Sudoeste,Fiscalización del Transporte,,1,1,1,,,,,,,,Por denuncias se remite transporte escolar sin habilitación municipal,,,,,,
16/11/2016,4:00:00 p. m.,7:00:00 p. m.,Macrocentro,Distrito Centro,Fiscalización del Transporte,,35,2,2,,,,,,,,,,,,,,
17/11/2016,8:00:00 a. m.,11:00:00 a. m.,Uriburu y Paraguay,Distrito Sur,Control Urbano,Guardia Urbana Municipal,45,9,1,8,,,,,,,GENDARMERÍA,,,,,,
17/11/2016,11:00:00 a. m.,2:00:00 p. m.,Alem y Bv. Segui,Distrito Sur,Dirección General de Tránsito,,141,12,8,4,,,,,,,"36 controles de alcoholemia, todos negativos",,,,,
17/11/2016,3:00:00 p. m.,5:30:00 p. m.,Calasanz 9300,Distrito Norte,Dirección General de Tránsito,,90,11,,11,,,,,,,"30 controles de alcoholemia, todos negativos",,,,,
17/11/2016,5:00:00 p. m.,7:00:00 p. m.,Fontana y Suarez,Distrito Norte,Guardia Urbana Municipal,,50,15,,15,,,,,,,,,,,,,
17/11/2016,8:00:00 p. m.,10:00:00 p. m.,Uriburu y Paraguay,Distrito Sur,Dirección General de Tránsito,Control Urbano,36,9,,9,,,,,,,,,,,,,
17/11/2016,8:00:00 p. m.,11:00:00 p. m.,Baigorria y Circunvalación,Distrito Norte,Fiscalización del Transporte,,73,14,3,11,,,,,,,,,,,,,
18/11/2016,12:00:00 a. m.,8:00:00 a. m.,Pellegrini y Balcarce,Distrito Centro,Dirección General de Tránsito,,135,21,20,1,10,,,,,,"Alcoholemia positiva: 11 (1,84 gr/l)",,,,,
18/11/2016,8:00:00 a. m.,11:00:00 a. m.,Córdoba y Circunvalación,Distrito Norte,Fiscalización del Transporte,,37,0,,,,,,,,,,,,,,,
18/11/2016,2:00:00 p. m.,5:00:00 p. m.,Formosa y Junin,Distrito Noroeste,Dirección General de Tránsito,,57,16,,16,,,,,,,"15 controles de alcoholemia, todos negativos",,,,,
19/11/2016,12:00:00 a. m.,8:00:00 a. m.,Pellegrini y Ricchieri,Distrito Centro,Guardia Urbana Municipal,Fiscalización del Transporte,65,9,3,6,,,,,,,Una remisión por remises ilegales,,,,,,
19/11/2016,12:00:00 a. m.,8:00:00 a. m.,Colombres 1100,Distrito Norte,Dirección General de Tránsito,,40,11,8,3,,,,,,,alcoholemia positiva: 5,,,,,,
19/11/2016,12:00:00 a. m.,8:00:00 a. m.,Suipacha 700,Distrito Centro,Dirección General de Tránsito,,70,6,4,2,,,,,,,alcoholemia positiva: 3,,,,,,
19/11/2016,9:00:00 a. m.,12:00:00 p. m.,Av. San Martín 4000,Distrito Sur,Fiscalización del Transporte,,41,2,2,,,,,,,,,,,,,,
20/11/2016,12:00:00 a. m.,8:00:00 a. m.,Santa Fe y Dorrego,Distrito Centro,Dirección General de Tránsito,,120,19,13,6,,,,,,,alcoholemia positiva: 10,,,,,,
20/11/2016,12:00:00 a. m.,8:00:00 a. m.,Frondizi 600,Distrito Norte,Dirección General de Tránsito,,40,8,8,,,,,,,,alcoholemia positiva: 8,,,,,,
20/11/2016,12:00:00 a. m.,8:00:00 a. m.,Pellegrini 2900,Distrito Centro,Guardia Urbana Municipal,Fiscalización del Transporte,69,5,2,3,,,,,,,Alcoholemia positiva: 2 - Remises ilegales: 1,,,,,,
21/11/2016,9:00:00 a. m.,12:00:00 p. m.,Avellaneda y Cerrito,Distrito Oeste,Fiscalización del Transporte,Guardia Urbana Municipal,28,6,,6,,,,,,,,,,,,,
21/11/2016,6:00:00 p. m.,9:00:00 p. m.,San Lorenzo y Bv. Avellaneda,Distrito Centro,Fiscalización del Transporte,,61,3,3,,,,,,,,,,,,,,
21/11/2016,3:00:00 p. m.,5:00:00 p. m.,Avellaneda y Riobamba,Distrito Oeste,Guardia Urbana Municipal,Fiscalización del Transporte,50,15,3,12,,,,,,,,,,,,,
21/11/2016,4:00:00 p. m.,7:00:00 p. m.,San Lorenzo y Avellaneda,Distrito Centro,Fiscalización del Transporte,,61,3,3,,,,,,,,,,,,,,
21/11/2016,3:00:00 p. m.,5:00:00 p. m.,Bv. Avellaneda y Riobamba,Distrito Oeste,Guardia Urbana Municipal,Fiscalización del Transporte,15,15,3,12,,,,,,,,,,,,,
21/11/2016,8:00:00 p. m.,10:00:00 p. m.,alberdi y salta,Distrito Norte,Dirección General de Tránsito,,48,4,,4,,,,,,,,,,,,,
22/11/2016,9:00:00 a. m.,12:00:00 p. m.,Zona total,"Distrito Norte, Distrito Noroeste, Distrito Oeste, Distrito Sudoeste, Distrito Sur, Distrito Centro",Fiscalización del Transporte,,20,3,3,,,,,,,,,
22/11/2016,9:00:00 a. m.,12:00:00 p. m.,Uruguay y Entre Rìos,Distrito Sudoeste,Guardia Urbana Municipal,,50,21,,21,,,,,,,GENDARMERÍA,,,,,,
22/11/2016,2:00:00 p. m.,3:00:00 p. m.,Cipoletti y Winters,Distrito Oeste,Control Urbano,,1,1,1,,,,,,,,,,,,,,
22/11/2016,2:00:00 p. m.,5:00:00 p. m.,Salta y Francia,Distrito Centro,Fiscalización del Transporte,,10,0,,,,,,,,,,,,,,,
22/11/2016,9:00:00 a. m.,5:00:00 p. m.,Iriondo y Salta,Distrito Centro,Dirección General de Tránsito,,87,11,,11,,,,,,,"26 controles de alcoholemia, todos negativos",,,,,
22/11/2016,2:00:00 p. m.,5:00:00 p. m.,Iriondo y Salta,Distrito Centro,Dirección General de Tránsito,,56,13,,13,,,,,,"13 controles de alcoholemia, todos negativos",,,,,,
22/11/2016,3:00:00 p. m.,6:00:00 p. m.,Francia y Urquiza,Distrito Centro,Guardia Urbana Municipal,,83,12,,12,,,,,,,,,,,,,
22/11/2016,4:00:00 p. m.,8:00:00 p. m.,Primera Junta y Bv. 27 de Febrero,Distrito Sur,Fiscalización del Transporte,,45,1,,1,,,,,,,,,,,,,
22/11/2016,8:00:00 p. m.,10:00:00 p. m.,Mitre y Pasco,Distrito Centro,Dirección General de Tránsito,,60,14,,14,,,,,,,,,,,,,
22/11/2016,8:00:00 p. m.,10:00:00 p. m.,MITRE Y PASCO,Distrito Centro,Dirección General de Tránsito,,60,14,,14,,,,,,,,,,,,,
23/11/2016,8:00:00 a. m.,11:00:00 a. m.,Pte. Peron y Lima,Distrito Oeste,Fiscalización del Transporte,Dirección General de Tránsito,163,36,10,26,,,,,,,,,,,,,
23/11/2016,3:00:00 p. m.,6:00:00 p. m.,GARIBALDI Y AVELLANEDA,Distrito Sudoeste,Dirección General de Tránsito,,99,30,4,26,15,15,16,11,,,UNA RETENCION DE LIC. APOCRIFA ,,,,,,
23/11/2016,5:00:00 p. m.,8:00:00 p. m.,Nansen 300,Distrito Norte,Fiscalización del Transporte,,56,4,4,,,,,,,,REMISES ILEGALES: 1,,,,,,
23/11/2016,8:00:00 p. m.,10:00:00 p. m.,SABIN Y GENOVA,Distrito Norte,Dirección General de Tránsito,,52,15,,15,,,,,,,,,,,,,
24/11/2016,9:00:00 a. m.,12:00:00 p. m.,GRANDOLI Y S. THOMSON ,Distrito Sur,Dirección General de Tránsito,,98,14,1,13,,,,,,,30 CONTROLES DE ALCOHOLEMIA TODOS (-),,,,,,
24/11/2016,3:00:00 p. m.,6:00:00 p. m.,FONTANA Y SUAREZ,Distrito Sudoeste,Dirección General de Tránsito,,24,13,,13,,,,,,,24 CONTROLES DE ALCOHOLEMIA TODOS NEGATIVOS,,,,,,
25/11/2016,12:00:00 a. m.,6:00:00 a. m.,Av. Eudoro Carrasco 1100,Distrito Norte,Guardia Urbana Municipal,Dirección General de Tránsito,300,129,51,78,,,,,2,,ALCOHOLEMIA (+): 12,,,,,,
25/11/2016,9:00:00 a. m.,12:00:00 p. m.,REPORTE DIARIO FISCALIZACION,"Distrito Norte, Distrito Noroeste, Distrito Oeste, Distrito Sudoeste, Distrito Sur, Distrito Centro",Fiscalización del Transporte,,35,1,1,,,,,,,,,
26/11/2016,12:00:00 a. m.,8:00:00 a. m.,VERA MUJICA Y URQUIZA,Distrito Centro,Dirección General de Tránsito,,85,11,11,,4,,,,,,ALCOHOLEMIA (+)=7,,,,,,
26/11/2016,2:00:00 a. m.,3:00:00 a. m.,DORREGO Y SALTA,Distrito Centro,Dirección General de Tránsito,,1,1,1,,,,,,,,ALCOHOLEMIA (+):1 RA,,,,,,
26/11/2016,12:00:00 a. m.,8:00:00 a. m.,PELLEGRINI 2900,Distrito Centro,Fiscalización del Transporte,Guardia Urbana Municipal,89,17,12,5,,,,,,,ALCOHOLEMIA (+): 5,,,,,,
27/11/2016,12:00:00 a. m.,8:00:00 a. m.,VERAMUJICA Y URQUIZA ,Distrito Centro,Dirección General de Tránsito,,83,14,12,2,7,,,,,,ALCOHOLEMIA (+)=7,,,,,,
27/11/2016,12:00:00 a. m.,8:00:00 a. m.,OROÑO Y MONTEVIDEO,Distrito Centro,Dirección General de Tránsito,,28,6,6,,,,,,,,ALCOHOLEMIA (+)=6,,,,,,
27/11/2016,12:00:00 a. m.,8:00:00 a. m.,PELLEGRINI 2900,Distrito Centro,Fiscalización del Transporte,Guardia Urbana Municipal,45,4,3,1,,,,,,,REMISES ILEGALES 1,,,,,,
27/11/2016,2:00:00 a. m.,3:00:00 a. m.,SAN MARTIN 2600,Distrito Centro,Dirección General de Tránsito,,3,3,3,,,,,,2,,,,,,,,
27/11/2016,2:00:00 p. m.,8:00:00 p. m.,LA FLORIDA,Distrito Norte,Guardia Urbana Municipal,,6,6,,6,,,,,,,,,,,,,
28/11/2016,2:00:00 p. m.,7:00:00 p. m.,LA FLORIDA,Distrito Norte,Fiscalización del Transporte,,50,2,2,,,,,,,,,,,,,,
28/11/2016,2:00:00 p. m.,8:00:00 p. m.,COSTA ALTA,Distrito Norte,Guardia Urbana Municipal,,5,5,5,,,,,,,,,,,,,,
28/11/2016,4:00:00 p. m.,6:00:00 p. m.,PCIAS UNIDAS Y GODOY,Distrito Oeste,Guardia Urbana Municipal,,5,5,,5,,,,,,,,,,,,,
28/11/2016,12:00:00 a. m.,8:00:00 a. m.,VERA  MUJICA Y URQUIZA,Distrito Centro,Dirección General de Tránsito,,45,7,5,2,,,,,,,ALCOHOLEMIAS + 6,,,,,,
28/11/2016,12:00:00 a. m.,8:00:00 a. m.,E RIOS Y COCHABAMBA,Distrito Centro,Dirección General de Tránsito,,15,7,7,,,,,,,,ALCOHOLEMIA +6,,,,,,
29/11/2016,9:00:00 a. m.,12:00:00 p. m.,27 DE FEBRERO Y AVELLANEDA,Distrito Oeste,Dirección General de Tránsito,,69,15,,15,,,,,,,"15 CONTROLES DE ALCOHOLEMIA, TODOS NEGATIVOS",,,,,
29/11/2016,9:00:00 a. m.,11:00:00 a. m.,BV. SEGUI Y LAGOS,Distrito Sudoeste,Guardia Urbana Municipal,,113,20,,20,,,,,1,,GENDARMERÍA,,,,,,
29/11/2016,6:00:00 p. m.,8:00:00 p. m.,MONTEVIDEO Y MATIENZO,Distrito Noroeste,Control Urbano,Dirección General de Tránsito,50,13,,13,,,,,,,,,,,,,
29/11/2016,4:00:00 p. m.,8:00:00 p. m.,MENDOZA Y ROUILLON ,Distrito Noroeste,Fiscalización del Transporte,Guardia Urbana Municipal,138,21,14,7,,,,,,,,,,,,,
29/11/2016,6:00:00 p. m.,9:00:00 p. m.,Bv. de Febrero y Alvear,Distrito Sur,Fiscalización del Transporte,,45,1,1,,,,,,,,,,,,,,
30/11/2016,3:00:00 p. m.,5:15:00 p. m.,Provincias Unidas y Juan B Justo,Distrito Noroeste,Control Urbano,Dirección General de Tránsito,75,13,,13,,,,,,,,,,,,,
30/11/2016,6:00:00 p. m.,9:00:00 p. m.,Salta y San Nicolás ,Distrito Centro,Dirección General de Tránsito,,50,7,,7,,,,,,,Alcoholemia positiva: 1,,,,,,
30/11/2016,6:00:00 p. m.,9:00:00 p. m.,Uriburu y Grandoli,Distrito Sur,Fiscalización del Transporte,,28,5,3,2,,,,,,,Operativo duró 40 minutos por ausencia del personal policial,,,,,,
1/12/2016,8:00:00 a. m.,11:00:00 a. m.,Suarez y Fontana ,Distrito Norte,Fiscalización del Transporte,,21,8,,8,,,,,,,,,,,,,
1/12/2016,9:00:00 a. m.,12:00:00 p. m.,Sorrento y Rondeau,Distrito Norte,Dirección General de Tránsito,,52,9,1,8,,,,,,,,,,,,,
1/12/2016,7:00:00 p. m.,9:00:00 p. m.,Salvat y la vía ,Distrito Norte,Guardia Urbana Municipal,,82,13,1,12,,,,,,,,,,,,,
1/12/2016,8:00:00 p. m.,10:00:00 p. m.,Mitre y Ayolas,Distrito Sur,Dirección General de Tránsito,Control Urbano,55,13,,13,,,,,,,,,,,,,
1/12/2016,2:00:00 p. m.,5:00:00 p. m.,PCIA UNIDAS Y RIO NEGRO,Distrito Oeste,Dirección General de Tránsito,,34,12,,12,,,,,,,,,,,,,
2/12/2016,12:00:00 a. m.,8:00:00 a. m.,MICROCENTRO,Distrito Centro,Dirección General de Tránsito,,18,3,1,2,,,,,,,,,,,,,
3/12/2016,12:00:00 a. m.,8:00:00 a. m.,Vera Mujica y Salta,Distrito Centro,Fiscalización del Transporte,Guardia Urbana Municipal,109,16,14,2,,,,,,,Remises ilegales: 1 - Alcoholemia positiva: 2,,,,,,
3/12/2016,2:00:00 p. m.,7:30:00 p. m.,Florida,Distrito Norte,Fiscalización del Transporte,,25,2,2,,,,,,,,,,,,,,
3/12/2016,12:00:00 a. m.,8:00:00 a. m.,COSTANERA Y GURRUCHAGA,Distrito Norte,Dirección General de Tránsito,,76,15,7,8,,,,,,,,,,,,,
3/12/2016,12:00:00 a. m.,8:00:00 a. m.,ENTRE RIOS Y COCHABAMBA,Distrito Sur,Dirección General de Tránsito,,38,7,7,,,,,,,,,,,,,,
4/12/2016,3:00:00 p. m.,6:00:00 p. m.,Avellaneda 2100,Distrito Oeste,Guardia Urbana Municipal,,49,10,3,7,,,,,,,,,,,,,
4/12/2016,2:00:00 p. m.,7:00:00 p. m.,La Florida,Distrito Norte,Fiscalización del Transporte,,62,3,,,,,,,,,,,,,,,
4/12/2016,12:00:00 a. m.,8:00:00 a. m.,URQUIZA Y VERE MUJICA ,Distrito Centro,Dirección General de Tránsito,,92,15,13,2,,,,,,,,,,,,,
4/12/2016,12:00:00 a. m.,8:00:00 a. m.,OROÑO Y MONTEVIDEO,Distrito Centro,Dirección General de Tránsito,,33,7,6,1,,,,,,,,,,,,,
5/12/2016,5:00:00 p. m.,7:00:00 p. m.,Provincias Unidas y Pte. Perón,Distrito Oeste,Guardia Urbana Municipal,Fiscalización del Transporte,98,35,3,32,,,,,,,GENDARMERÍA,,,,,,
5/12/2016,2:00:00 p. m.,7:00:00 p. m.,Macrocentro,Distrito Centro,Fiscalización del Transporte,Guardia Urbana Municipal,46,8,2,6,,,,,,,,,,,,,
6/12/2016,6:00:00 p. m.,9:00:00 p. m.,Montevideo y Oroño,Distrito Centro,Fiscalización del Transporte,,47,0,,,,,,,,,,,,,,,
6/12/2016,9:00:00 a. m.,12:00:00 p. m.,Casiano Casas y Ghiraldo,Distrito Norte,Dirección General de Tránsito,Fiscalización del Transporte,42,4,,,,,,,,,,,,,,,
7/12/2016,6:00:00 p. m.,9:00:00 p. m.,Terminal de Omnibus ,Distrito Centro,Fiscalización del Transporte,,47,2,3,,,,,,,,Remises ilegales: 1,,,,,,
9/12/2016,12:00:00 a. m.,8:00:00 a. m.,Santa Fe y Dorrego,Distrito Centro,Dirección General de Tránsito,,53,4,1,3,,,,,,,Alcoholemia positiva: 3,,,,,,
9/12/2016,12:00:00 a. m.,8:00:00 a. m.,España y Cochabamba,Distrito Centro,Dirección General de Tránsito,,23,9,8,1,,,,,,,Alcoholemia positiva: 9,,,,,,
9/12/2016,12:00:00 p. m.,5:00:00 p. m.,Carrasco y 25 de mayo,Distrito Norte,Dirección General de Tránsito,,92,8,2,6,,,,,,,,,,,,,
9/12/2016,2:00:00 p. m.,3:00:00 p. m.,Gallo y Costanera ,Distrito Norte,Dirección General de Tránsito,,1,1,1,,,,,,,,GENDARMERIA,,,,,,
9/12/2016,2:00:00 a. m.,5:00:00 a. m.,Parque España,Distrito Centro,Guardia Urbana Municipal,,2,2,1,1,,,,,,,,,,,,,
10/12/2016,12:00:00 a. m.,3:00:00 a. m.,Parque Irigoyen,Distrito Sur,Fiscalización del Transporte,Guardia Urbana Municipal,38,4,3,1,2,,,,,,alcoholemia positiva: 3,,,,,,
10/12/2016,12:00:00 a. m.,8:00:00 a. m.,Vera Mujica y Urquiza,Distrito Centro,Dirección General de Tránsito,,97,21,18,3,,,,,,,alcoholemia positiva: 18,,,,,,
10/12/2016,12:00:00 a. m.,8:00:00 a. m.,Colombres y Nansen,Distrito Norte,Dirección General de Tránsito,,27,9,7,2,1,,,,,alcoholemia positiva: 8,,,,,,,
10/12/2016,3:00:00 p. m.,5:00:00 p. m.,Carrasco 2300,Distrito Norte,Dirección General de Tránsito,,60,13,3,10,,,,,,,,,,,,,
10/12/2016,7:30:00 p. m.,8:00:00 p. m.,E. López y Francia,Distrito Sudoeste,Dirección General de Tránsito,,1,1,,,,,,,,,"alcoholemia positiva: 1 (2,07) se realiza como colaboración a la policía",,,,,
11/12/2016,9:00:00 a. m.,12:00:00 p. m.,Av. San Martín y Olegario Andrade,Distrito Sur,Fiscalización del Transporte,,42,2,2,,,,,,,,,,,,,,
11/12/2016,12:00:00 a. m.,8:00:00 a. m.,Av. Illia y Presidente Roca,Distrito Centro,Dirección General de Tránsito,,104,7,5,2,,,,,,,Alcoholemia positiva: 3,,,,,,
11/12/2016,12:00:00 a. m.,8:00:00 a. m.,Salta y Pueyrredon,Distrito Centro,Dirección General de Tránsito,,118,13,7,6,,,,,,,alcoholemia positiva: 10,,,,,,
11/12/2016,12:00:00 a. m.,4:00:00 a. m.,Vera Mujica y Salta,Distrito Centro,Guardia Urbana Municipal,Fiscalización del Transporte,127,20,12,8,,,,,,,alcoholemia positiva: 1 remises ilegales: 3,,,,,,
11/12/2016,10:00:00 a. m.,2:00:00 p. m.,La Florida,Distrito Norte,Fiscalización del Transporte,,24,2,2,,,,,,,,,,,,,,
11/12/2016,10:00:00 a. m.,6:00:00 p. m.,La Florida,Distrito Norte,Guardia Urbana Municipal,Control Urbano,6,6,,6,,,,,,,,,,,,,
12/12/2016,8:00:00 a. m.,10:00:00 a. m.,Francia y Brown,Distrito Centro,Fiscalización del Transporte,,2,2,2,,,,,,1,,1 detenido por intento de evasión del control. remises ilegales: 1,,,,,,
12/12/2016,8:00:00 a. m.,12:00:00 p. m.,Seguí y Felipe Moré,Distrito Oeste,Fiscalización del Transporte,,27,11,1,10,,,,,3,,1 detenido por pedido de captura 2 detenidos más por conducir una moto con pedido de secuestro,,,,,,
12/12/2016,8:00:00 p. m.,10:00:00 p. m.,Matienzo y Montevideo,Distrito Oeste,Dirección General de Tránsito,,42,15,,15,,,,,,,,,,,,,
12/12/2016,2:00:00 p. m.,8:00:00 p. m.,Francia y 24 de Septiembre,Distrito Oeste,Fiscalización del Transporte,,45,13,3,10,,,,,,,,,,,,,
13/12/2016,9:00:00 a. m.,12:00:00 p. m.,Urquiza y Francia,Distrito Centro,Fiscalización del Transporte,,72,1,72,,,,,,,,,,,,,,
13/12/2016,6:00:00 p. m.,9:00:00 p. m.,Uriburu y Paraguay,Distrito Sur,Control Urbano,,16,16,,16,,,,,,,,,,,,,
13/12/2016,4:00:00 p. m.,8:00:00 p. m.,Salta y Crespo,Distrito Centro,Fiscalización del Transporte,,53,2,2,,,,,,,,,,,,,,
13/12/2016,4:00:00 p. m.,8:00:00 p. m.,Terminal de ómnibus,Distrito Centro,Fiscalización del Transporte,,30,2,2,,,,,,,,Remises ilegales: 2,,,,,,
14/12/2016,9:00:00 a. m.,12:00:00 p. m.,Lagos y Galvez,Distrito Sudoeste,Fiscalización del Transporte,,72,18,8,10,,,,,1,,GENDARMERÍA,,,,,,
14/12/2016,4:00:00 p. m.,8:00:00 p. m.,27 de Febrero y Alvear,Distrito Sur,Fiscalización del Transporte,,42,3,3,,,,,,,,,,,,,,
14/12/2016,2:00:00 p. m.,6:00:00 p. m.,Gallo y Carrasco,Distrito Norte,Fiscalización del Transporte,,33,5,5,,,,,,,,,,,,,,
15/12/2016,2:00:00 p. m.,6:00:00 p. m.,Macrocentro,Distrito Centro,Fiscalización del Transporte,,36,3,,,,,,,,,,,,,,,
16/12/2016,8:00:00 a. m.,11:00:00 a. m.,Uriburu y San Martin,Distrito Sur,Fiscalización del Transporte,,84,11,,,,,,,,,,,,,,,
16/12/2016,4:00:00 p. m.,8:00:00 p. m.,Terminal de ómnibus,Distrito Centro,Guardia Urbana Municipal,Control Urbano,22,1,,,,,,,,,remises ilegales: 1,,,,,,
16/12/2016,8:00:00 a. m.,2:00:00 p. m.,Salvat y Carue,Distrito Norte,Control Urbano,,3,3,,3,,,,,,,,,,,,,
16/12/2016,6:00:00 p. m.,9:00:00 p. m.,Arijón y San Martín,Distrito Sur,Fiscalización del Transporte,,41,15,3,12,,,,,,,,,,,,,
17/12/2016,12:00:00 a. m.,8:00:00 a. m.,Oroño y Rivadavia,Distrito Centro,Dirección General de Tránsito,,66,4,4,,,,,,,,alcoholemia positiva: 3,,,,,,
17/12/2016,12:00:00 a. m.,8:00:00 a. m.,Colombres y Gurruchaga,Distrito Norte,Dirección General de Tránsito,,27,3,3,,,,,,,,alcoholemia positiva: 3,,,,,,
17/12/2016,12:00:00 a. m.,8:00:00 a. m.,Ricchieri y Pellegrini,Distrito Centro,Guardia Urbana Municipal,Fiscalización del Transporte,74,4,3,1,,,,,,,,,,,,,
17/12/2016,10:00:00 a. m.,1:00:00 p. m.,Av. San Martín,Distrito Sur,Fiscalización del Transporte,,45,2,2,,,,,,,,,,,,,,
17/12/2016,2:00:00 p. m.,8:00:00 p. m.,La Florida,Distrito Norte,Dirección General de Tránsito,Fiscalización del Transporte,30,1,,,,,,,,,alcoholemia positiva:1,,,,,,
18/12/2016,12:00:00 a. m.,2:00:00 a. m.,Av. Pellegrini 2800,Distrito Centro,Guardia Urbana Municipal,Fiscalización del Transporte,40,5,5,,5,,,,,,alcoholemia positiva: 2,,,,,,
18/12/2016,2:00:00 p. m.,8:00:00 p. m.,La Florida,Distrito Norte,Guardia Urbana Municipal,,4,4,,4,,,,,,,,,,,,,
19/12/2016,8:00:00 p. m.,10:00:00 p. m.,Mendoza y Liniers,Distrito Noroeste,Dirección General de Tránsito,,55,14,1,13,,,,,,,,,,,,,
20/12/2016,9:00:00 a. m.,12:00:00 p. m.,Ayacucho y Ayolas ,Distrito Sur,Dirección General de Tránsito,Fiscalización del Transporte,14,1,1,,,,,,,,,,,,,,
20/12/2016,4:00:00 p. m.,8:00:00 p. m.,Ayacucho y Uruguay,Distrito Sur,Fiscalización del Transporte,,36,2,2,,,,,,,,,,,,,,
20/12/2016,4:00:00 p. m.,8:00:00 p. m.,Bv. 27 de febrero y Alvear,Distrito Sur,Fiscalización del Transporte,,39,1,1,,,,,,,,,,,,,,
20/12/2016,9:00:00 p. m.,10:00:00 p. m.,Bv. Rondeau 4300,Distrito Norte,Dirección General de Tránsito,,42,17,1,16,,,,,,,,,,,,,
22/12/2016,9:00:00 a. m.,12:00:00 p. m.,Pte. Perón al 6000,Distrito Oeste,Fiscalización del Transporte,,14,0,,,,,,,,,,,,,,,
22/12/2016,8:00:00 p. m.,12:00:00 a. m.,La Florida,Distrito Norte,Fiscalización del Transporte,,46,5,3,2,,,,,,,,,,,,,
23/12/2016,4:00:00 p. m.,8:00:00 p. m.,Av. San Martín y Bv. 27 de Febrero,Distrito Sur,Fiscalización del Transporte,,46,4,2,2,,,,,,,,,,,,,
24/12/2016,12:00:00 a. m.,8:00:00 a. m.,Salta y Pueyrredon,Distrito Centro,Dirección General de Tránsito,,59,8,6,2,,,,,,,alcoholemia positiva: 6,,,,,,
24/12/2016,12:00:00 a. m.,8:00:00 a. m.,Nansen 300,Distrito Norte,Dirección General de Tránsito,,34,3,1,2,,,,,,,alcoholemia positiva: 1,,,,,,
24/12/2016,12:00:00 a. m.,4:00:00 a. m.,Caferatta y Córdoba,Distrito Centro,Fiscalización del Transporte,,27,3,,,,,,,,,Remises ilegales: 2,,,,,,
24/12/2016,1:00:00 p. m.,6:00:00 p. m.,Nansen 300,Distrito Norte,Fiscalización del Transporte,,27,0,,,,,,,,,,,,,,,
25/12/2016,12:00:00 a. m.,8:00:00 a. m.,Av. Carlos Colombres y Gurruchaga,Distrito Norte,Dirección General de Tránsito,Fiscalización del Transporte,196,15,14,1,,,,,1,,1 detenida por agresiones al personal policial - alcoholemia positiva: 5,,,,,,
25/12/2016,9:00:00 a. m.,9:30:00 a. m.,Sarmiento y Ameghino,Distrito Sur,Dirección General de Tránsito,,1,1,,,,,,,,,alcoholemia positiva: 1,,,,,,
27/12/2016,4:00:00 p. m.,7:00:00 p. m.,Bv. Seguí 2500,Distrito Sudoeste,Fiscalización del Transporte,,85,10,,,,,,,,,,,,,,,
27/12/2016,4:00:00 p. m.,8:00:00 p. m.,Av. San Martín y Av. Uriburu,Distrito Sur,Guardia Urbana Municipal,,36,5,5,,,,,,,,,,,,,,
27/12/2016,2:00:00 p. m.,6:00:00 p. m.,Bv. Seguí e Iriondo,Distrito Sudoeste,Fiscalización del Transporte,Guardia Urbana Municipal,42,3,3,,,,,,,,,,,,,,
27/12/2016,8:00:00 a. m.,11:00:00 a. m.,Bv. Seguí 3600,Distrito Sudoeste,Fiscalización del Transporte,,41,1,1,,,,,,,,,,,,,,
28/12/2016,8:00:00 p. m.,10:00:00 p. m.,Guemes y Callao,Distrito Centro,Dirección General de Tránsito,,30,0,,,,,,,,,,,,,,,
28/12/2016,6:00:00 p. m.,8:00:00 p. m.,Mitre y San Luis,Distrito Centro,Dirección General de Tránsito,,53,7,,7,,,,,,,,,,,,,
28/12/2016,4:00:00 p. m.,6:00:00 p. m.,Av. Ovidio Lagos 7600,Distrito Sudoeste,Dirección General de Tránsito,,57,4,,4,,,,,,,,,,,,,
28/12/2016,8:00:00 p. m.,10:00:00 p. m.,Mendoza y Santiago,Distrito Centro,Fiscalización del Transporte,,13,1,1,,,,,,,,,,,,,,
28/12/2016,9:00:00 a. m.,12:00:00 p. m.,Av. Ovidio Lagos 7600,Distrito Sudoeste,Dirección General de Tránsito,Guardia Urbana Municipal,120,6,3,3,,,,,,,Pirotecnia,,,,,,
28/12/2016,4:00:00 p. m.,7:00:00 p. m.,Av. Provincias Unidas y Juan José Paso,Distrito Noroeste,Fiscalización del Transporte,,51,13,,13,,,,,,,GENDARMERÍA,,,,,,
28/12/2016,12:00:00 p. m.,4:00:00 p. m.,Av. Pte. Perón y Las Palmeras,Distrito Oeste,Guardia Urbana Municipal,,90,3,,3,,,,,,,,,,,,,
29/12/2016,8:00:00 p. m.,10:00:00 p. m.,Salta e Iriondo,Distrito Centro,Dirección General de Tránsito,,30,5,,5,,,,,,,"2 controles de alcoholemia, todos negativos",,,,,
29/12/2016,4:00:00 p. m.,7:00:00 p. m.,Av. Eudoro Carrasco y Gallo,Distrito Norte,Dirección General de Tránsito,,70,11,1,10,,,,,,,,,,,,,
29/12/2016,4:00:00 p. m.,7:00:00 p. m.,Juan José Paso y Campbell,Distrito Norte,Dirección General de Tránsito,,99,13,2,11,,,,,,,"32 controles de alcoholemia, todos negativos",,,,,
29/12/2016,8:00:00 a. m.,12:00:00 p. m.,Av. Abanderado Grandoli y Av. Uriburu,Distrito Sur,Fiscalización del Transporte,,48,10,,10,,,,,,,GENDARMERÍA,,,,,,
30/12/2016,12:00:00 a. m.,8:00:00 a. m.,Bv. Oroño y Lamadrid,Distrito Sur,Dirección General de Tránsito,Fiscalización del Transporte,112,29,15,14,24,,,,,,Alcoholemia positiva: 5. Operativo antipicadas.,,,,,,
30/12/2016,12:00:00 a. m.,4:00:00 a. m.,Bv. 27 de Febrero y Laprida,Distrito Sur,Guardia Urbana Municipal,,6,6,,6,,,,,,,Operativo antipicadas,,,,,,
31/12/2016,12:00:00 a. m.,8:00:00 a. m.,Santa Fe y Suipacha,Distrito Centro,Dirección General de Tránsito,Fiscalización del Transporte,54,12,9,3,,,,,,,Alcoholemia positiva: 12,,,,,,
31/12/2016,12:00:00 a. m.,8:00:00 a. m.,Mendoza y Verá Mujica,Distrito Centro,Dirección General de Tránsito,Fiscalización del Transporte,100,19,13,6,9,,,,,,Alcoholemia positiva: 10,,,,,,
1/1/2017,12:00:00 a. m.,6:00:00 a. m.,Av. Carlos Colombres y Gurruchaga,Distrito Norte,Dirección General de Tránsito,Fiscalización del Transporte,118,4,4,,1,,,,,,Alcoholemia positiva: 3,,,,,,
2/12/2017,12:00:00 a. m.,8:00:00 a. m.,MICROCENTRO,Distrito Centro,Dirección General de Tránsito,,51,10,10,,,,,,,,,,,,,,
